estimator,min_score,mean_score,max_score,std_score,C,max_iter,penalty,solver,alpha,loss,kernel,criterion,max_features,n_estimators,learning_rate
RandomForestClassifier,0.7593582887700534,0.765156800451425,0.7721788502484032,0.005304996594110951,,,,,,,,,,160,
RandomForestClassifier,0.7594119756185013,0.7640789280668173,0.7704802259887006,0.004682058466858073,,,,,,,,,,210,
SVC,0.7587188612099645,0.7634592247919016,0.7727910238429172,0.006598858489269212,10,,,,,,rbf,,,,
ExtraTreesClassifier,0.7555233611010503,0.7630677614548169,0.7699397376816731,0.005904636262205072,,,,,,,,entropy,sqrt,210,
ExtraTreesClassifier,0.756150506512301,0.7628840927684518,0.7725017717930546,0.006979945672814937,,,,,,,,gini,log2,160,
RandomForestClassifier,0.7566787003610108,0.7627623242186493,0.7662291592763391,0.004315746678617433,,,,,,,,,,110,
ExtraTreesClassifier,0.757696486780152,0.7621890178199687,0.7696113074204948,0.005286987273228613,,,,,,,,entropy,sqrt,110,
ExtraTreesClassifier,0.7561327561327561,0.7620326073819207,0.769722814498934,0.005690720645588194,,,,,,,,entropy,sqrt,160,
ExtraTreesClassifier,0.7544175982690227,0.761179998721475,0.7648947556189797,0.004789488835804964,,,,,,,,gini,sqrt,210,
ExtraTreesClassifier,0.7597845601436266,0.7606158461724283,0.761904761904762,0.0009240788516667412,,,,,,,,entropy,log2,210,
ExtraTreesClassifier,0.7574133619149696,0.7605480633394813,0.7659574468085106,0.0038410918994253493,,,,,,,,gini,sqrt,160,
ExtraTreesClassifier,0.7551388388027407,0.7594435858722254,0.7636621717530163,0.0034801694363101932,,,,,,,,gini,sqrt,110,
ExtraTreesClassifier,0.7485590778097984,0.759055113635811,0.76802284082798,0.008019198345936044,,,,,,,,entropy,sqrt,60,
ExtraTreesClassifier,0.7514367816091955,0.7586729557016042,0.7651245551601422,0.005615481826319345,,,,,,,,entropy,log2,160,
ExtraTreesClassifier,0.7482796088373778,0.7584907254932641,0.76545842217484,0.0073786962158256,,,,,,,,gini,log2,210,
ExtraTreesClassifier,0.7517216382747373,0.7583629708276889,0.7619387027797577,0.0047007468951246675,,,,,,,,entropy,log2,110,
ExtraTreesClassifier,0.7488186114140314,0.7565464764546795,0.7660631877884274,0.00715280047153313,,,,,,,,gini,log2,110,
RandomForestClassifier,0.7551454932576295,0.7563204602231041,0.7575434859779907,0.000979566062824483,,,,,,,,,,60,
SVC,0.7475901463762942,0.7558902570729412,0.7717813051146384,0.011240397015773042,1,,,,,,poly,,,,
SVC,0.7499999999999999,0.7557834604114095,0.7662835249042144,0.007437430621391549,10,,,,,,poly,,,,
ExtraTreesClassifier,0.748828828828829,0.7556567421713538,0.761904761904762,0.0053539526769164104,,,,,,,,gini,sqrt,60,
ExtraTreesClassifier,0.753851666069509,0.7550951209576574,0.757510729613734,0.001708341270925382,,,,,,,,gini,log2,60,
ExtraTreesClassifier,0.7425279078141879,0.753781113477836,0.760342368045649,0.007993728881602925,,,,,,,,entropy,log2,60,
GradientBoostingClassifier,0.7412935323383085,0.7514405441559422,0.7632950990615225,0.0090628918165195,,,,,,,,,,210,0.4
GradientBoostingClassifier,0.7416607523066006,0.751300303890404,0.7579908675799087,0.0069852493828267935,,,,,,,,,,210,0.6
GradientBoostingClassifier,0.7436079545454546,0.747589566815635,0.7522935779816513,0.003582495288890214,,,,,,,,,,210,0.8
GradientBoostingClassifier,0.7381121362668559,0.7447536738234891,0.7541446208112874,0.00682786346924586,,,,,,,,,,160,0.6
SVC,0.7360057782592994,0.7435295517144808,0.7525663716814159,0.006844963887570217,1,,,,,,rbf,,,,
GradientBoostingClassifier,0.736692689850958,0.7430785315159909,0.7535211267605634,0.007444998742286566,,,,,,,,,,160,0.4
GradientBoostingClassifier,0.7375132837407014,0.7423648464697328,0.7486818980667838,0.004675840723542705,,,,,,,,,,110,0.4
GradientBoostingClassifier,0.7322249734701096,0.7423073701322372,0.7536129714487135,0.008774348469753801,,,,,,,,,,160,0.8
GradientBoostingClassifier,0.7331212442559208,0.7420645595395129,0.7516684229012996,0.007586246403793471,,,,,,,,,,110,0.6
GradientBoostingClassifier,0.7311522048364154,0.7415849121625525,0.7527031740495292,0.008811490880210947,,,,,,,,,,210,1.0
GradientBoostingClassifier,0.73085031623331,0.7390064643201413,0.7451669595782074,0.006012683362469009,,,,,,,,,,110,0.8
GradientBoostingClassifier,0.7295462665237585,0.7386465199006967,0.7541098286114025,0.010991163132074974,,,,,,,,,,160,1.0
ExtraTreesClassifier,0.7358767424798238,0.7379725268802423,0.7398843930635839,0.0016412769892795132,,,,,,,,entropy,sqrt,10,
ExtraTreesClassifier,0.7322604242867593,0.7354624809438479,0.7392092854552049,0.0028628925411350857,,,,,,,,gini,sqrt,10,
ExtraTreesClassifier,0.728750923872875,0.7351350451817543,0.7410387710314557,0.0050279804955905725,,,,,,,,gini,log2,10,
GradientBoostingClassifier,0.7304409672830725,0.7342477074349425,0.741698706745893,0.005269069688100717,,,,,,,,,,110,1.0
ExtraTreesClassifier,0.7256571640133285,0.7324547875007948,0.7379409647228221,0.005099860027359549,,,,,,,,entropy,log2,10,
RandomForestClassifier,0.7236403995560489,0.7276461658149156,0.7314244291409933,0.003181885953659467,,,,,,,,,,10,
GradientBoostingClassifier,0.7194040439872296,0.724935570230512,0.7302145620823075,0.004416986573458179,,,,,,,,,,60,0.8
GradientBoostingClassifier,0.7115384615384616,0.7187672892982783,0.7262685536762167,0.006016619753087223,,,,,,,,,,60,1.0
GradientBoostingClassifier,0.7121158601200989,0.7181947550400465,0.7233592095977417,0.004635398418776251,,,,,,,,,,60,0.4
GradientBoostingClassifier,0.7118644067796609,0.7153849629096105,0.7207769684356573,0.0038717077153454763,,,,,,,,,,60,0.6
SVC,0.7001114827201784,0.7112305934898675,0.7261471230881281,0.010962935575899804,0.1,,,,,,poly,,,,
SGDClassifier,0.6851037083595223,0.6930601403084041,0.7014878125989237,0.0066970773987156925,,400,l2,,0.1,modified_huber,,,,,
SVC,0.6678212677519917,0.6831567073375666,0.6932962834317472,0.011030015232290842,10,,,,,,linear,,,,
SVC,0.669639794168096,0.6824787335110575,0.6895344767238363,0.009093353492470476,1,,,,,,linear,,,,
SVC,0.6694158075601375,0.6812106434638293,0.6907073509015257,0.00884283138288547,0.1,,,,,,linear,,,,
RidgeClassifier,0.6729036729036729,0.6800243597258065,0.6854951185495118,0.005271168286887164,,,,,0.6,,,,,,
RidgeClassifier,0.6729036729036729,0.67994966168233,0.6854951185495118,0.005248798140275885,,,,,0.8,,,,,,
RidgeClassifier,0.6729036729036729,0.67994966168233,0.6854951185495118,0.005248798140275885,,,,,0.7,,,,,,
RidgeClassifier,0.6729036729036729,0.6798697355512493,0.6854951185495118,0.005227121088106522,,,,,0.5,,,,,,
RidgeClassifier,0.6729036729036729,0.6798635450999022,0.6852367688022284,0.005158449618063218,,,,,1.0,,,,,,
SGDClassifier,0.67,0.6798451897966226,0.6959026888604354,0.01145081983596354,,400,l2,,0.2,modified_huber,,,,,
RidgeClassifier,0.6729036729036729,0.6797148584293281,0.6857342169515173,0.005267887473075691,,,,,0.4,,,,,,
RidgeClassifier,0.6726705923103569,0.6796371648982227,0.6857342169515173,0.005368526902935539,,,,,0.3,,,,,,
RidgeClassifier,0.6726705923103569,0.6796332028713398,0.6847788227098572,0.005107406537959695,,,,,0.9,,,,,,
RidgeClassifier,0.6726705923103569,0.6794045203531326,0.6852756454989533,0.005182030689545161,,,,,0.2,,,,,,
RidgeClassifier,0.6721991701244814,0.6789412921789381,0.684596577017115,0.0051192340420807645,,,,,0.1,,,,,,
SGDClassifier,0.6724137931034483,0.6785742865787351,0.6836215666327569,0.0046427707217444195,,200,l2,,0.2,modified_huber,,,,,
LogisticRegression,0.673163940132266,0.6782427564795103,0.6820276497695853,0.0037324714593311523,1,100,l1,saga,,,,,,,
LogisticRegression,0.674086956521739,0.6780857336439979,0.6801561945331913,0.002828157837526367,1,400,l1,saga,,,,,,,
LogisticRegression,0.6715481171548118,0.6780498560152172,0.684322033898305,0.00521745537749036,10,300,l2,lbfgs,,,,,,,
LogisticRegression,0.6738525730180807,0.6779271520367302,0.6800140498770636,0.002881447161979488,1,300,l1,saga,,,,,,,
LogisticRegression,0.6729297146833682,0.6778496955816289,0.6804775280898876,0.003481649990665449,1,400,l1,liblinear,,,,,,,
LogisticRegression,0.6729297146833682,0.6778496955816289,0.6804775280898876,0.003481649990665449,1,100,l1,liblinear,,,,,,,
LogisticRegression,0.6729297146833682,0.6778496955816289,0.6804775280898876,0.003481649990665449,1,300,l1,liblinear,,,,,,,
LogisticRegression,0.6736256089074459,0.6776939190649832,0.6803831145796382,0.0029260255895538906,1,200,l1,saga,,,,,,,
LogisticRegression,0.6729297146833682,0.6776936286363732,0.6804775280898876,0.0033845447619587493,1,200,l1,liblinear,,,,,,,
SGDClassifier,0.6642134314627415,0.6775174123214128,0.687463556851312,0.009784286083790287,,300,l2,,0.6,perceptron,,,,,
LogisticRegression,0.6694560669456067,0.6767781278686761,0.6819141449683321,0.0053157011267559295,10,200,l1,saga,,,,,,,
LogisticRegression,0.66991643454039,0.6766854113601394,0.6833040421792619,0.005466501776762651,1,300,l2,liblinear,,,,,,,
LogisticRegression,0.66991643454039,0.6766854113601394,0.6833040421792619,0.005466501776762651,1,200,l2,liblinear,,,,,,,
LogisticRegression,0.66991643454039,0.6766854113601394,0.6833040421792619,0.005466501776762651,1,400,l2,liblinear,,,,,,,
LogisticRegression,0.66991643454039,0.6766854113601394,0.6833040421792619,0.005466501776762651,1,100,l2,liblinear,,,,,,,
SGDClassifier,0.6707317073170732,0.6766666130105766,0.6875365710942071,0.007697052172183882,,200,l2,,0.8,modified_huber,,,,,
LogisticRegression,0.6692227256883932,0.6766279084359659,0.6826347305389222,0.00556399304438588,10,400,l2,sag,,,,,,,
LogisticRegression,0.6701570680628273,0.6766226857703904,0.6821541710665259,0.004942136693232886,10,400,l2,lbfgs,,,,,,,
LogisticRegression,0.6678309465595529,0.6765494809964623,0.683081252198382,0.006415055500090014,10,200,l2,lbfgs,,,,,,,
LogisticRegression,0.669683257918552,0.6765276548939961,0.6830639494026706,0.005466987073688343,1,400,l2,lbfgs,,,,,,,
LogisticRegression,0.6696801112656467,0.6764090045101488,0.6818667616672603,0.00505571967955024,0.1,100,l2,liblinear,,,,,,,
LogisticRegression,0.6696801112656467,0.6764090045101488,0.6818667616672603,0.00505571967955024,0.1,300,l2,liblinear,,,,,,,
LogisticRegression,0.6696801112656467,0.6764090045101488,0.6818667616672603,0.00505571967955024,0.1,200,l2,liblinear,,,,,,,
LogisticRegression,0.6696801112656467,0.6764090045101488,0.6818667616672603,0.00505571967955024,0.1,400,l2,liblinear,,,,,,,
LogisticRegression,0.6699198326943185,0.6762394678236229,0.6810010574550581,0.00465610816595289,10,300,l1,liblinear,,,,,,,
LogisticRegression,0.6699198326943185,0.6762394678236229,0.6810010574550581,0.00465610816595289,10,100,l1,liblinear,,,,,,,
LogisticRegression,0.6699198326943185,0.6762394678236229,0.6810010574550581,0.00465610816595289,10,200,l1,liblinear,,,,,,,
LogisticRegression,0.6699198326943185,0.6762394678236229,0.6810010574550581,0.00465610816595289,10,400,l1,liblinear,,,,,,,
LogisticRegression,0.6694560669456067,0.6762306413768705,0.6814501935938051,0.005018521633479225,10,300,l2,sag,,,,,,,
LogisticRegression,0.6706045865184156,0.6762255864851539,0.679701386420192,0.0040115960660103344,0.1,100,l2,lbfgs,,,,,,,
LogisticRegression,0.668062827225131,0.6761437163221565,0.6818980667838314,0.0058829159395655285,10,100,l2,lbfgs,,,,,,,
LogisticRegression,0.6701461377870563,0.6761423429356448,0.6823943661971831,0.005003589176903837,1,300,l2,newton-cg,,,,,,,
LogisticRegression,0.6701461377870563,0.6761423429356448,0.6823943661971831,0.005003589176903837,1,100,l2,newton-cg,,,,,,,
LogisticRegression,0.6701461377870563,0.6761423429356448,0.6823943661971831,0.005003589176903837,1,400,l2,newton-cg,,,,,,,
LogisticRegression,0.6701461377870563,0.6761423429356448,0.6823943661971831,0.005003589176903837,1,200,l2,newton-cg,,,,,,,
LogisticRegression,0.6689919776770143,0.6760849411175546,0.6817060274938315,0.0052938065860245595,10,400,l1,saga,,,,,,,
LogisticRegression,0.669913043478261,0.6760604729138452,0.6833216045038706,0.005530378321054218,1,300,l2,lbfgs,,,,,,,
LogisticRegression,0.669683257918552,0.6760604415300504,0.683081252198382,0.005488609691704274,1,400,l2,sag,,,,,,,
LogisticRegression,0.669683257918552,0.6760602736009743,0.6828410689170182,0.005379236380889982,1,300,l2,sag,,,,,,,
LogisticRegression,0.6687609075043631,0.6760094537840744,0.6812411847672779,0.005290871893804618,10,300,l1,saga,,,,,,,
LogisticRegression,0.6692200557103064,0.6759858227517658,0.6828410689170182,0.005561115300581984,1,200,l2,lbfgs,,,,,,,
LogisticRegression,0.669683257918552,0.6759780236190726,0.6833040421792619,0.005608270845494289,1,400,l2,saga,,,,,,,
LogisticRegression,0.669683257918552,0.6759780236190726,0.6833040421792619,0.005608270845494289,1,200,l2,sag,,,,,,,
LogisticRegression,0.669683257918552,0.6759780236190726,0.6833040421792619,0.005608270845494289,1,300,l2,saga,,,,,,,
LogisticRegression,0.6673640167364017,0.6758456550321791,0.6816901408450704,0.00613869627351715,10,200,l2,saga,,,,,,,
LogisticRegression,0.6678285116765424,0.6758423337749578,0.6835621260119675,0.006426585157687928,10,100,l2,saga,,,,,,,
LogisticRegression,0.6673640167364017,0.6757655129571125,0.6816901408450704,0.006105222657560788,10,100,l2,sag,,,,,,,
LogisticRegression,0.6687587168758717,0.6757631550471809,0.6812257837266643,0.005205114238089709,10,300,l2,saga,,,,,,,
LogisticRegression,0.6685217391304348,0.6757530505584753,0.6828410689170182,0.005846719938681209,1,100,l2,saga,,,,,,,
LogisticRegression,0.669225401256106,0.6756911781232121,0.6807610993657505,0.00481174898297157,10,100,l2,liblinear,,,,,,,
LogisticRegression,0.669225401256106,0.6756911781232121,0.6807610993657505,0.00481174898297157,10,400,l2,liblinear,,,,,,,
LogisticRegression,0.669225401256106,0.6756911781232121,0.6807610993657505,0.00481174898297157,10,300,l2,liblinear,,,,,,,
LogisticRegression,0.669225401256106,0.6756911781232121,0.6807610993657505,0.00481174898297157,10,200,l2,liblinear,,,,,,,
LogisticRegression,0.6685256186824676,0.6756799456821807,0.6826178747361014,0.005755173974984105,10,100,l1,saga,,,,,,,
LogisticRegression,0.6692200557103064,0.6756668304052672,0.6833040421792619,0.005811054066391292,1,100,l2,sag,,,,,,,
LogisticRegression,0.6682909850330665,0.675554938995572,0.681169757489301,0.005385500957239918,0.1,100,l2,saga,,,,,,,
LogisticRegression,0.6692200557103064,0.6755125059845194,0.6828410689170182,0.005608811358024072,1,200,l2,saga,,,,,,,
LogisticRegression,0.6678272980501392,0.6754706627701029,0.6802139037433155,0.005456802388420599,0.1,300,l2,lbfgs,,,,,,,
LogisticRegression,0.6678272980501392,0.6754706627701029,0.6802139037433155,0.005456802388420599,0.1,400,l2,lbfgs,,,,,,,
LogisticRegression,0.6680613668061367,0.675449105920236,0.6814501935938051,0.00555321362520178,10,400,l2,saga,,,,,,,
LogisticRegression,0.6680613668061367,0.675449105920236,0.6814501935938051,0.00555321362520178,10,200,l2,sag,,,,,,,
LogisticRegression,0.6675958188153311,0.6753126983323963,0.6799714896650035,0.0054956488699575146,0.1,100,l2,newton-cg,,,,,,,
LogisticRegression,0.6675958188153311,0.6753126983323963,0.6799714896650035,0.0054956488699575146,0.1,400,l2,newton-cg,,,,,,,
LogisticRegression,0.6675958188153311,0.6753126983323963,0.6799714896650035,0.0054956488699575146,0.1,300,l2,newton-cg,,,,,,,
LogisticRegression,0.6675958188153311,0.6753126983323963,0.6799714896650035,0.0054956488699575146,0.1,200,l2,newton-cg,,,,,,,
LogisticRegression,0.6680599094392198,0.6753126558072502,0.6799714896650035,0.005197289194188916,0.1,400,l2,sag,,,,,,,
LogisticRegression,0.6671309192200557,0.6752475668675134,0.681169757489301,0.005937674977948894,0.1,200,l2,saga,,,,,,,
LogisticRegression,0.6671309192200557,0.6752385364934085,0.6802139037433155,0.0057821197765752915,0.1,300,l2,saga,,,,,,,
LogisticRegression,0.6678272980501392,0.6752351186775566,0.6799714896650035,0.005305521016124581,0.1,300,l2,sag,,,,,,,
LogisticRegression,0.6689919776770143,0.6752231053726133,0.6798307475317349,0.004571397449085881,10,300,l2,newton-cg,,,,,,,
LogisticRegression,0.6689919776770143,0.6752231053726133,0.6798307475317349,0.004571397449085881,10,100,l2,newton-cg,,,,,,,
LogisticRegression,0.6689919776770143,0.6752231053726133,0.6798307475317349,0.004571397449085881,10,200,l2,newton-cg,,,,,,,
LogisticRegression,0.6689919776770143,0.6752231053726133,0.6798307475317349,0.004571397449085881,10,400,l2,newton-cg,,,,,,,
LogisticRegression,0.6671309192200557,0.675166619778091,0.6809269162210337,0.005857501243589753,0.1,100,l2,sag,,,,,,,
LogisticRegression,0.6675948485903236,0.6750815469578714,0.6797432239657631,0.005346732044126296,0.1,200,l2,sag,,,,,,,
LogisticRegression,0.6675948485903236,0.6750815469578714,0.6797432239657631,0.005346732044126296,0.1,400,l2,saga,,,,,,,
SGDClassifier,0.6551020408163266,0.6749241917582104,0.6853496115427302,0.014022667388791758,,100,l2,,0.2,perceptron,,,,,
LogisticRegression,0.6671314046706169,0.6749146751867281,0.6790035587188612,0.00550595930647576,0.1,200,l2,lbfgs,,,,,,,
SVC,0.6682626538987687,0.674689757056076,0.6813880126182965,0.0053618344559232586,0.01,,,,,,linear,,,,
LogisticRegression,0.6673647469458989,0.6745826724638898,0.6795366795366795,0.00522066284383623,1,100,l2,lbfgs,,,,,,,
LogisticRegression,0.6673603884842179,0.67372285094835,0.6787204450625868,0.004737078605733389,0.1,200,l1,liblinear,,,,,,,
LogisticRegression,0.6666666666666667,0.6733365954506428,0.6787204450625868,0.0050042577293099725,0.1,400,l1,liblinear,,,,,,,
LogisticRegression,0.6666666666666667,0.6733365954506428,0.6787204450625868,0.0050042577293099725,0.1,100,l1,liblinear,,,,,,,
LogisticRegression,0.6666666666666667,0.6733365954506428,0.6787204450625868,0.0050042577293099725,0.1,300,l1,liblinear,,,,,,,
SGDClassifier,0.6613924050632911,0.6729282545806523,0.6841558441558441,0.00929569104384936,,100,l2,,0.7,hinge,,,,,
SGDClassifier,0.6587387387387387,0.67270289065464,0.6904441453566621,0.013216355556523066,,100,l2,,0.1,modified_huber,,,,,
GradientBoostingClassifier,0.6698928447977878,0.6720822447391236,0.6741258741258742,0.0017311982582492854,,,,,,,,,,10,1.0
LogisticRegression,0.6657449014863464,0.671725440747856,0.6752344564084751,0.004250038026288305,0.1,100,l1,saga,,,,,,,
SGDClassifier,0.6508635286149678,0.6716334261886994,0.6851560037819098,0.01490830190294162,,200,l2,,0.4,modified_huber,,,,,
LogisticRegression,0.6636647038448216,0.6709557506042207,0.6751233262861169,0.005173139648996965,0.1,200,l1,saga,,,,,,,
LogisticRegression,0.6636647038448216,0.6709557506042207,0.6751233262861169,0.005173139648996965,0.1,300,l1,saga,,,,,,,
LogisticRegression,0.6636647038448216,0.6709557506042207,0.6751233262861169,0.005173139648996965,0.1,400,l1,saga,,,,,,,
SGDClassifier,0.6423090975520642,0.6701291022540824,0.6969795388113024,0.022329641490785406,,100,l2,,0.2,modified_huber,,,,,
SGDClassifier,0.6659954694185753,0.6697755128904519,0.672929120409906,0.0028650998259817386,,300,l2,,0.8,hinge,,,,,
SGDClassifier,0.6474241870661308,0.6675143453473926,0.6875612144955927,0.016385901423279003,,400,l2,,0.3,modified_huber,,,,,
GradientBoostingClassifier,0.6577227382180942,0.6674875911662187,0.6732673267326733,0.006943554729923386,,,,,,,,,,10,0.6
LogisticRegression,0.6636427076064201,0.6669118140811735,0.669009135628953,0.002342284834169285,0.01,400,l2,liblinear,,,,,,,
LogisticRegression,0.6636427076064201,0.6669118140811735,0.669009135628953,0.002342284834169285,0.01,300,l2,liblinear,,,,,,,
LogisticRegression,0.6636427076064201,0.6669118140811735,0.669009135628953,0.002342284834169285,0.01,200,l2,liblinear,,,,,,,
LogisticRegression,0.6636427076064201,0.6669118140811735,0.669009135628953,0.002342284834169285,0.01,100,l2,liblinear,,,,,,,
SGDClassifier,0.6566347469220246,0.6668198881916773,0.6729351969504447,0.007250233112677555,,300,l2,,0.7,hinge,,,,,
LogisticRegression,0.6617749825296995,0.6666046391856036,0.6695035460992907,0.003437879156069592,0.01,100,l2,saga,,,,,,,
AdaBoostClassifier,0.6590277777777778,0.6665281967182098,0.6711267605633803,0.005348639600060213,,,,,,,,,,210,
SGDClassifier,0.6540126540126541,0.6661178228681847,0.6809744779582367,0.01117774559835209,,300,l2,,0.2,log,,,,,
SGDClassifier,0.6511794138670479,0.6652159099899903,0.6741350906095551,0.010045926608911447,,300,l2,,0.1,hinge,,,,,
SGDClassifier,0.6342007434944238,0.6651082508047661,0.6896768120489488,0.023087301321850072,,200,l2,,0.5,modified_huber,,,,,
SGDClassifier,0.664469036967271,0.6645738338099446,0.664783427495292,0.00014820511620295912,,300,elasticnet,,0.6,hinge,,,,,
SGDClassifier,0.664469036967271,0.6645738338099446,0.664783427495292,0.00014820511620295912,,200,l1,,1.0,hinge,,,,,
SGDClassifier,0.664469036967271,0.6645738338099446,0.664783427495292,0.00014820511620295912,,100,l1,,1.0,perceptron,,,,,
SGDClassifier,0.664469036967271,0.6645738338099446,0.664783427495292,0.00014820511620295912,,200,elasticnet,,0.8,perceptron,,,,,
SGDClassifier,0.664469036967271,0.6645738338099446,0.664783427495292,0.00014820511620295912,,300,elasticnet,,0.9,perceptron,,,,,
SGDClassifier,0.664469036967271,0.6645738338099446,0.664783427495292,0.00014820511620295912,,100,l1,,0.9,perceptron,,,,,
SGDClassifier,0.664469036967271,0.6645738338099446,0.664783427495292,0.00014820511620295912,,200,l1,,0.9,hinge,,,,,
SGDClassifier,0.664469036967271,0.6645738338099446,0.664783427495292,0.00014820511620295912,,100,elasticnet,,0.8,perceptron,,,,,
SGDClassifier,0.664469036967271,0.6645738338099446,0.664783427495292,0.00014820511620295912,,100,l1,,0.5,perceptron,,,,,
SGDClassifier,0.664469036967271,0.6645738338099446,0.664783427495292,0.00014820511620295912,,400,elasticnet,,0.6,perceptron,,,,,
SGDClassifier,0.664469036967271,0.6645738338099446,0.664783427495292,0.00014820511620295912,,200,l1,,0.8,log,,,,,
SGDClassifier,0.664469036967271,0.6645738338099446,0.664783427495292,0.00014820511620295912,,100,elasticnet,,0.8,hinge,,,,,
SGDClassifier,0.664469036967271,0.6645738338099446,0.664783427495292,0.00014820511620295912,,200,elasticnet,,0.4,hinge,,,,,
SGDClassifier,0.664469036967271,0.6645738338099446,0.664783427495292,0.00014820511620295912,,400,l1,,0.7,perceptron,,,,,
SGDClassifier,0.664469036967271,0.6645738338099446,0.664783427495292,0.00014820511620295912,,100,l1,,0.7,log,,,,,
SGDClassifier,0.664469036967271,0.6645738338099446,0.664783427495292,0.00014820511620295912,,400,l1,,0.7,hinge,,,,,
AdaBoostClassifier,0.6586620926243568,0.6636741539118587,0.6682758620689656,0.003935516315321456,,,,,,,,,,160,
LogisticRegression,0.6596712137110877,0.6635567250448325,0.6671393123006026,0.0030563536426534217,0.01,200,l2,saga,,,,,,,
LogisticRegression,0.6587412587412588,0.6628528466503424,0.6661936857041505,0.003090869053382921,0.01,100,l2,newton-cg,,,,,,,
LogisticRegression,0.6587412587412588,0.6628528466503424,0.6661936857041505,0.003090869053382921,0.01,200,l2,newton-cg,,,,,,,
LogisticRegression,0.6587412587412588,0.6628528466503424,0.6661936857041505,0.003090869053382921,0.01,400,l2,newton-cg,,,,,,,
LogisticRegression,0.6587412587412588,0.6628528466503424,0.6661936857041505,0.003090869053382921,0.01,300,l2,sag,,,,,,,
LogisticRegression,0.6587412587412588,0.6628528466503424,0.6661936857041505,0.003090869053382921,0.01,300,l2,newton-cg,,,,,,,
LogisticRegression,0.6587412587412588,0.6628528466503424,0.6661936857041505,0.003090869053382921,0.01,400,l2,sag,,,,,,,
LogisticRegression,0.6587412587412588,0.6628528466503424,0.6661936857041505,0.003090869053382921,0.01,200,l2,sag,,,,,,,
LogisticRegression,0.6594405594405595,0.6628505306290969,0.6657203690560681,0.002592014628539836,0.01,400,l2,saga,,,,,,,
LogisticRegression,0.6594405594405595,0.6628505306290969,0.6657203690560681,0.002592014628539836,0.01,300,l2,saga,,,,,,,
LogisticRegression,0.6580419580419581,0.6627761026129243,0.6661936857041505,0.0034556877334899496,0.01,100,l2,lbfgs,,,,,,,
LogisticRegression,0.6587412587412588,0.6626174303959967,0.6657203690560681,0.0029011965513790314,0.01,100,l2,sag,,,,,,,
LogisticRegression,0.658272123119972,0.662538695893886,0.6657203690560681,0.0031360109754054745,0.01,300,l2,lbfgs,,,,,,,
LogisticRegression,0.658272123119972,0.662538695893886,0.6657203690560681,0.0031360109754054745,0.01,200,l2,lbfgs,,,,,,,
LogisticRegression,0.658272123119972,0.662538695893886,0.6657203690560681,0.0031360109754054745,0.01,400,l2,lbfgs,,,,,,,
SGDClassifier,0.650735294117647,0.6617457922904859,0.6785137318255251,0.012049107813499398,,300,l2,,0.2,modified_huber,,,,,
SGDClassifier,0.6452732003469211,0.66093868289628,0.6713489949140228,0.011275323456223509,,400,l2,,1.0,hinge,,,,,
SGDClassifier,0.6297016861219196,0.6608229261855656,0.6811128945960407,0.022342268213873223,,100,l2,,0.6,hinge,,,,,
SGDClassifier,0.6332970620239391,0.6607010254682659,0.6747149564050972,0.019379202282447588,,400,l2,,0.5,modified_huber,,,,,
SGDClassifier,0.6190114068441066,0.660273484813727,0.6812911313068004,0.0291784026766799,,400,l2,,0.1,log,,,,,
SGDClassifier,0.6412884333821376,0.6593556219458215,0.6755874673629243,0.014062534061661077,,200,l2,,0.1,hinge,,,,,
GradientBoostingClassifier,0.6540707660597732,0.6592304394451287,0.6671214188267393,0.005667151474057272,,,,,,,,,,10,0.4
SGDClassifier,0.6341999267667521,0.6591653332453148,0.6753411615360202,0.017908895613174155,,200,l2,,0.1,perceptron,,,,,
GradientBoostingClassifier,0.6560222145088511,0.6587653458489074,0.6619318181818182,0.00243108577800948,,,,,,,,,,10,0.8
SGDClassifier,0.6508760545100584,0.6587008749216651,0.673449920508744,0.010435628945816186,,400,l2,,0.6,perceptron,,,,,
SGDClassifier,0.6213221245701184,0.6585036763227998,0.6945397815912636,0.029901954904349982,,300,l2,,0.3,modified_huber,,,,,
SVC,0.6522851919561243,0.6584833548573331,0.6642388929351783,0.004890104247345001,0.1,,,,,,rbf,,,,
SGDClassifier,0.6241269841269841,0.6581701305341773,0.6817955112219451,0.024668632393712565,,400,l2,,0.8,hinge,,,,,
SGDClassifier,0.6209223847019123,0.6578766170936845,0.6781750924784217,0.026172871680980925,,100,l2,,0.3,perceptron,,,,,
SGDClassifier,0.6534719892653472,0.6570307504782039,0.6636304489264802,0.004671477291252857,,200,l2,,0.9,modified_huber,,,,,
SGDClassifier,0.6483717526527626,0.6561596347370905,0.6655100624566272,0.007083387954921661,,100,l2,,0.3,modified_huber,,,,,
SGDClassifier,0.6324626865671643,0.6561177248677249,0.66875,0.016739539219888896,,300,l2,,0.9,hinge,,,,,
SGDClassifier,0.6428363847718686,0.6559696361281704,0.6665089877010406,0.009836810778073234,,100,l2,,1.0,hinge,,,,,
SGDClassifier,0.6281407035175879,0.6550929269139997,0.6785934608266503,0.020741356436533884,,400,elasticnet,,0.1,modified_huber,,,,,
SGDClassifier,0.642501776830135,0.654901772512312,0.6628914057295135,0.008889046235599623,,400,l2,,0.8,modified_huber,,,,,
SGDClassifier,0.6448202959830868,0.6539536540382787,0.6629690048939642,0.007409649252035779,,400,l2,,1.0,modified_huber,,,,,
SGDClassifier,0.6335595311536087,0.6537859044691724,0.6725212464589235,0.01594095763944805,,100,l2,,0.9,hinge,,,,,
SGDClassifier,0.6316463805253043,0.6535390160003501,0.6815853329738473,0.020846671835135437,,300,l2,,0.6,hinge,,,,,
SGDClassifier,0.6319758672699849,0.653458345694773,0.6714542190305207,0.01630444470519909,,300,l2,,0.1,modified_huber,,,,,
AdaBoostClassifier,0.6456529269137513,0.6532740131926875,0.6602143104044245,0.005964119247976506,,,,,,,,,,110,
SGDClassifier,0.6318462096481683,0.652789003208477,0.6899661781285231,0.026358414692331838,,200,l2,,0.2,perceptron,,,,,
SGDClassifier,0.6367713004484304,0.652538027915884,0.6639032815198619,0.0115055299267576,,200,l2,,0.3,modified_huber,,,,,
SGDClassifier,0.6283068783068783,0.6520259832878259,0.6737338044758541,0.018599916705228196,,400,l2,,0.6,log,,,,,
SGDClassifier,0.6302158273381295,0.6516187372524508,0.6643289767293592,0.015222759930384716,,300,elasticnet,,0.1,modified_huber,,,,,
SGDClassifier,0.618595825426945,0.6516034670990417,0.671685284118504,0.023522051543940267,,300,l2,,1.0,hinge,,,,,
SGDClassifier,0.6377025036818851,0.6514456228715488,0.6610541727672035,0.009971496367238515,,200,l2,,0.1,modified_huber,,,,,
SGDClassifier,0.6251242956579384,0.6511420509801469,0.6680351906158357,0.018668693671347866,,400,l2,,0.6,hinge,,,,,
SGDClassifier,0.6334776334776334,0.6506638737130167,0.6670815183571873,0.013729489530124598,,400,l2,,0.9,modified_huber,,,,,
SGDClassifier,0.6202694034637589,0.6506520561948118,0.6711745554720762,0.021920319262374883,,100,l2,,0.8,hinge,,,,,
SGDClassifier,0.6264980026631158,0.6504605215874686,0.6642699115044247,0.01700967951608078,,100,l2,,0.6,log,,,,,
SGDClassifier,0.636830520909758,0.6499325766317182,0.6654205607476635,0.011793136003884474,,200,l2,,0.7,modified_huber,,,,,
SGDClassifier,0.5725490196078431,0.6484506386160797,0.6908482142857143,0.0537932186270377,,100,l2,,0.6,perceptron,,,,,
SGDClassifier,0.608695652173913,0.6482178862407173,0.6741266375545851,0.028393645374388574,,200,l2,,0.5,hinge,,,,,
SGDClassifier,0.6055408970976253,0.6481281194652168,0.6709108716944172,0.030138250035385544,,200,l2,,0.9,hinge,,,,,
SGDClassifier,0.6417808219178083,0.6479595513244779,0.6583092253294761,0.007364084644020689,,200,elasticnet,,0.1,modified_huber,,,,,
SGDClassifier,0.6239700374531836,0.6477393231594623,0.6651641983258211,0.017405523669695007,,300,l2,,0.9,modified_huber,,,,,
SGDClassifier,0.6089989536100453,0.6475687001506576,0.673768308921438,0.02785118283779969,,200,l2,,0.6,hinge,,,,,
SGDClassifier,0.6310265660872417,0.6474297296133212,0.6731484129253646,0.018414607913747646,,100,l2,,0.5,hinge,,,,,
SGDClassifier,0.6367775831873906,0.6472517280749419,0.6578599735799208,0.008607372165667348,,300,l2,,0.2,hinge,,,,,
SGDClassifier,0.6218738335199702,0.647196289591037,0.6777221526908634,0.023094952869746225,,300,l2,,1.0,modified_huber,,,,,
AdaBoostClassifier,0.6371982318939137,0.646219061286809,0.6523842432619212,0.006520213541918824,,,,,,,,,,60,
SGDClassifier,0.6392318244170097,0.6459500369175913,0.6576105886450715,0.008277067975757915,,300,l2,,0.7,modified_huber,,,,,
SGDClassifier,0.6374881065651761,0.6457757774839117,0.6593288590604027,0.009662574861651896,,200,l2,,0.7,hinge,,,,,
SGDClassifier,0.6287676459366653,0.6454408525115898,0.6575901974132063,0.01219381979348231,,300,l2,,0.4,modified_huber,,,,,
SGDClassifier,0.6032608695652174,0.6451861224981615,0.6709987966305656,0.029908951697669762,,200,l2,,0.8,hinge,,,,,
SGDClassifier,0.6215112321307013,0.6440872707456199,0.6686549358783179,0.019297791460864175,,300,l2,,0.5,hinge,,,,,
SGDClassifier,0.6018662519440124,0.6439428444748051,0.667777407530823,0.02984011659065807,,300,l2,,0.8,modified_huber,,,,,
SGDClassifier,0.6248382923673997,0.6437561074047363,0.6711570844358913,0.01983818964742941,,200,l2,,1.0,hinge,,,,,
SGDClassifier,0.599694423223835,0.6436590046898095,0.6751028155646946,0.032033146177090466,,400,l2,,0.3,perceptron,,,,,
SGDClassifier,0.5917114351496545,0.6433369707980963,0.669832225387781,0.03650901930963028,,300,l2,,0.2,perceptron,,,,,
SGDClassifier,0.637129256682534,0.6426723038497822,0.6529185599440755,0.007253305224967394,,100,l2,,0.1,hinge,,,,,
SGDClassifier,0.6160919540229886,0.6423692855718635,0.670512385476756,0.022256185036558362,,100,l2,,0.5,modified_huber,,,,,
SGDClassifier,0.6363961387200571,0.6423610555557456,0.6493975903614457,0.005361635944440898,,100,l2,,0.8,perceptron,,,,,
SGDClassifier,0.5924800607671858,0.6422974060967731,0.6730103806228375,0.03554354926811397,,100,l2,,0.5,perceptron,,,,,
SGDClassifier,0.6204986149584488,0.642291975347124,0.6535906358747232,0.015413727776700368,,400,l2,,0.4,hinge,,,,,
SGDClassifier,0.6268861454046638,0.6422685683602426,0.6500932256059664,0.01087756130025535,,100,l2,,0.4,hinge,,,,,
SGDClassifier,0.5978964401294498,0.6420853097297791,0.6684931506849315,0.031444105118703033,,100,l2,,0.4,modified_huber,,,,,
SGDClassifier,0.6300963676797627,0.6420722710398746,0.6511169513797634,0.00882837418282281,,100,l2,,1.0,modified_huber,,,,,
SGDClassifier,0.6401564537157757,0.6418662388397385,0.645202422696844,0.0023592838417413036,,200,l2,,0.4,hinge,,,,,
SGDClassifier,0.6317365269461076,0.6416414157797785,0.648921832884097,0.00725716078271205,,300,l2,,0.6,modified_huber,,,,,
SGDClassifier,0.6227758007117439,0.6410352899929638,0.6679162761636989,0.019410706452352194,,200,l2,,0.3,log,,,,,
SGDClassifier,0.612839700669555,0.6410029257489873,0.6558265582655827,0.01992362130407292,,400,l2,,0.1,hinge,,,,,
SGDClassifier,0.6395153147088523,0.6409293207481528,0.642238507661559,0.0011142068184087518,,200,l2,,0.3,hinge,,,,,
SGDClassifier,0.6184081231575499,0.6407867847175382,0.6602059357964871,0.017191728865270484,,400,l2,,0.7,hinge,,,,,
SGDClassifier,0.6273932253313697,0.6402730390501289,0.659500693481276,0.013855051762966008,,300,l2,,0.5,modified_huber,,,,,
SGDClassifier,0.6349206349206349,0.6398072893395624,0.6435921421889615,0.0036248434081232648,,300,l2,,0.4,hinge,,,,,
SGDClassifier,0.613413715146948,0.6395698359113523,0.653418659481307,0.018505874130001203,,400,l2,,0.2,log,,,,,
SGDClassifier,0.6081214922416639,0.6387669202371562,0.6672985781990521,0.024205135728025805,,400,l2,,0.9,hinge,,,,,
SGDClassifier,0.6183680936699597,0.6387128628213823,0.6675299449660085,0.02094527745188732,,200,l2,,1.0,modified_huber,,,,,
SGDClassifier,0.637370010063737,0.638662366911874,0.6399999999999999,0.0010741661012592524,,200,l2,,0.5,log,,,,,
SGDClassifier,0.6250424160162877,0.6386433772731815,0.6548773531089561,0.012321537841257741,,400,l2,,0.9,log,,,,,
SGDClassifier,0.5968712394705175,0.6376796164303674,0.6686606846128281,0.03012045934593095,,400,l2,,0.4,modified_huber,,,,,
SGDClassifier,0.6323071601521966,0.6357325441129233,0.6409921671018277,0.0037754170664226158,,300,l2,,0.4,log,,,,,
SGDClassifier,0.5763804917372028,0.6356200120237148,0.6660299267749125,0.041893634497669564,,100,l2,,0.1,log,,,,,
SGDClassifier,0.632091890010442,0.6354063000529738,0.6381243628950052,0.0024985869024185545,,100,l2,,0.3,hinge,,,,,
SGDClassifier,0.6012793176972281,0.6348724923269897,0.6627182044887782,0.025409436516929385,,300,l2,,0.5,log,,,,,
SGDClassifier,0.6214031684448755,0.634803856039909,0.6422073984232868,0.009493096062083525,,400,l2,,1.0,log,,,,,
SGDClassifier,0.6201138519924099,0.6341448893167855,0.6517168885774351,0.01314259712852874,,100,l2,,0.6,modified_huber,,,,,
SGDClassifier,0.6229393195370047,0.6335541485436442,0.6500160102465578,0.011801910536255624,,400,l2,,0.3,hinge,,,,,
SGDClassifier,0.6236033519553073,0.6330241014556957,0.6421471172962226,0.007573387276241045,,300,l2,,0.3,hinge,,,,,
SGDClassifier,0.582348305752561,0.6328522059014959,0.6601811472660182,0.035751893567652675,,100,l2,,0.9,modified_huber,,,,,
SGDClassifier,0.6023477622890683,0.6324842387250402,0.6529449018366054,0.021759804766507927,,300,l2,,0.6,log,,,,,
SGDClassifier,0.6035411855273287,0.6320072941714235,0.6497230368198109,0.02032844680050564,,400,l2,,0.2,hinge,,,,,
SGDClassifier,0.6218045112781955,0.6319776672336154,0.6380677721701514,0.007240022694580516,,200,l2,,0.6,modified_huber,,,,,
SGDClassifier,0.6000000000000001,0.6313049286892888,0.650904033379694,0.022369248090475673,,100,l2,,0.7,modified_huber,,,,,
SGDClassifier,0.6051353226925746,0.631299926242916,0.6510465479537645,0.01928476115857587,,300,l2,,0.8,log,,,,,
SGDClassifier,0.5759162303664922,0.6298496878389438,0.6757756902931966,0.04115877740421542,,100,l2,,0.7,perceptron,,,,,
SGDClassifier,0.5950991831971995,0.6296363039369431,0.6488651535380506,0.0244738263676909,,100,l2,,0.8,modified_huber,,,,,
SGDClassifier,0.5526992287917738,0.6284000588462308,0.671745611129513,0.05371628112384057,,400,l2,,0.7,modified_huber,,,,,
SGDClassifier,0.6056088036918706,0.6283837533515113,0.6559604694255713,0.02083451113039077,,400,l2,,0.5,log,,,,,
SGDClassifier,0.618499127399651,0.6281187619998627,0.6381297332894305,0.008018937178258658,,400,l2,,0.7,log,,,,,
SGDClassifier,0.6240981240981242,0.6277399078214826,0.6325716358360536,0.0035601569118368075,,200,l2,,0.2,hinge,,,,,
SGDClassifier,0.5940988835725678,0.6272236596449637,0.6776649746192893,0.036246561058614186,,200,l2,,0.1,log,,,,,
SGDClassifier,0.5972377752892871,0.6271113504255509,0.6482896047824643,0.021729837800314445,,200,l2,,0.4,log,,,,,
SGDClassifier,0.5907087148185827,0.6268067585524951,0.6776217508216313,0.03697666279748287,,200,elasticnet,,0.2,modified_huber,,,,,
SGDClassifier,0.5890613451589061,0.6261308787799026,0.6605557146949299,0.029247302306427657,,200,l2,,0.7,log,,,,,
SGDClassifier,0.5820895522388059,0.6252864638825124,0.6670842467898528,0.03471303978211584,,200,l2,,0.2,log,,,,,
SGDClassifier,0.5421336654213367,0.6251588291773017,0.6906603212373587,0.06188888523933972,,300,l2,,0.1,perceptron,,,,,
SGDClassifier,0.5903438185808338,0.6247190740573171,0.6784599375650364,0.03849140758683809,,100,l2,,1.0,log,,,,,
SGDClassifier,0.5781433607520564,0.62461469509174,0.6603475513428121,0.034408026402909846,,100,l2,,0.2,hinge,,,,,
SGDClassifier,0.5817068503635667,0.6244524672531101,0.6520723876240514,0.030653082823416004,,400,l2,,0.9,perceptron,,,,,
SGDClassifier,0.6031381553769612,0.6237635432055386,0.6370738636363636,0.01478830015117944,,400,l2,,0.6,modified_huber,,,,,
SGDClassifier,0.5434195291393283,0.6211947996322235,0.6606334841628958,0.05499726163180544,,300,l2,,0.9,perceptron,,,,,
SGDClassifier,0.581986143187067,0.619108419302522,0.6403973509933775,0.026343732918210287,,200,l2,,0.6,log,,,,,
SGDClassifier,0.5498964803312629,0.6185612998574604,0.6609494640122511,0.048996858805731756,,300,l2,,0.3,log,,,,,
SGDClassifier,0.6057838660578387,0.6185049076619065,0.6430062630480167,0.017329330705024102,,100,elasticnet,,0.1,modified_huber,,,,,
SGDClassifier,0.5980498374864571,0.6184031710459439,0.6517199017199017,0.02375087643668645,,400,l2,,0.5,hinge,,,,,
SGDClassifier,0.5861111111111111,0.6183548278761939,0.6761307362165732,0.040945515269361056,,200,l2,,0.7,perceptron,,,,,
LogisticRegression,0.5728643216080401,0.6182206087412373,0.6616841056302939,0.036285217372195214,0.01,100,l1,liblinear,,,,,,,
LogisticRegression,0.5728643216080401,0.6182206087412373,0.6616841056302939,0.036285217372195214,0.01,200,l1,liblinear,,,,,,,
LogisticRegression,0.5728643216080401,0.6182206087412373,0.6616841056302939,0.036285217372195214,0.01,300,l1,liblinear,,,,,,,
LogisticRegression,0.5728643216080401,0.6182206087412373,0.6616841056302939,0.036285217372195214,0.01,400,l1,liblinear,,,,,,,
SGDClassifier,0.5834564254062038,0.6171751017242153,0.6403785488958991,0.02439890118624011,,300,l2,,0.9,log,,,,,
SGDClassifier,0.5560307955517537,0.6155706425626406,0.6529492455418382,0.042556919060588234,,300,l2,,0.1,log,,,,,
SGDClassifier,0.5735524256651018,0.6150908858177815,0.6484868639840373,0.03112895245285346,,300,l2,,1.0,perceptron,,,,,
SGDClassifier,0.5671641791044776,0.6149274344076515,0.6713681241184768,0.042981305548997796,,100,l2,,0.9,log,,,,,
SGDClassifier,0.5484004985459078,0.6147570851452874,0.680648769574944,0.05399113135854145,,300,l2,,0.7,perceptron,,,,,
SGDClassifier,0.5328345802161264,0.6146662549145515,0.6703755215577191,0.05911098481239562,,200,l2,,0.9,log,,,,,
SGDClassifier,0.6086021505376344,0.6141924496822836,0.6170212765957447,0.003953034071723032,,200,l1,,0.1,squared_hinge,,,,,
SGDClassifier,0.5674418604651162,0.6137049590578618,0.6417910447761194,0.0329621312994913,,400,l2,,0.1,perceptron,,,,,
AdaBoostClassifier,0.6012396694214877,0.6126506151322855,0.6213786213786214,0.008437731512296842,,,,,,,,,,10,
SGDClassifier,0.6022119158044951,0.6122238840360041,0.6213729653220098,0.007846225634605184,,400,l1,,0.1,squared_hinge,,,,,
SGDClassifier,0.5741029641185648,0.6108904061971369,0.64290473017988,0.02829025445339244,,100,l2,,0.4,log,,,,,
SGDClassifier,0.6044696700957787,0.6095012687753093,0.6149982059562253,0.004310833003943404,,100,l1,,0.1,squared_hinge,,,,,
SGDClassifier,0.5253378378378378,0.6088977274332342,0.6577142857142857,0.05936444104686596,,300,l2,,0.7,log,,,,,
SGDClassifier,0.5832732516222062,0.6077814707859974,0.6222996515679442,0.017428245720366695,,300,l1,,0.1,squared_hinge,,,,,
SGDClassifier,0.5889967637540453,0.6073378572335303,0.6169296987087518,0.01297367261730592,,200,l1,,0.3,squared_hinge,,,,,
SGDClassifier,0.6021201413427562,0.6043889316825933,0.6085421814331098,0.0029409794494805485,,300,l1,,0.2,squared_hinge,,,,,
SGDClassifier,0.4951370468611848,0.603619368491891,0.6662432518259765,0.07701333484800779,,400,l2,,1.0,perceptron,,,,,
SGDClassifier,0.5962078651685393,0.6035390647289736,0.6134275618374558,0.007258756385879188,,400,l1,,0.4,squared_hinge,,,,,
SGDClassifier,0.5724164425662697,0.6033571936351877,0.624880687241489,0.022429709404020778,,300,l2,,1.0,log,,,,,
SGDClassifier,0.5758468335787924,0.6022784530171544,0.6391816491010539,0.02689566448819402,,100,l2,,0.8,log,,,,,
SGDClassifier,0.5847246891651865,0.6016761878361002,0.6177530298067474,0.013497940327848464,,100,elasticnet,,0.2,modified_huber,,,,,
SGDClassifier,0.5263157894736841,0.6014797908277717,0.6487383798140771,0.053733023278519663,,400,l2,,0.7,perceptron,,,,,
SGDClassifier,0.5769083237437668,0.6010582825146965,0.6280400572246065,0.02097026352279349,,300,l2,,0.8,perceptron,,,,,
SGDClassifier,0.5184233076263923,0.6005934629661089,0.6463685379004123,0.058229127280399036,,100,l2,,0.7,log,,,,,
SGDClassifier,0.5881934566145093,0.6001063664791259,0.6193458594293666,0.013732617256437254,,100,l1,,0.2,squared_hinge,,,,,
SGDClassifier,0.4688679245283019,0.599346170351335,0.6885604816639299,0.09431591994871666,,100,l2,,0.4,perceptron,,,,,
SGDClassifier,0.5843095491657792,0.5990301851979255,0.613854351687389,0.012061837282020932,,200,l1,,0.2,squared_hinge,,,,,
SGDClassifier,0.5251101321585903,0.5988849086311286,0.6519480519480519,0.053812596326566854,,100,l2,,0.3,log,,,,,
SGDClassifier,0.5558194774346793,0.5987530422172354,0.6372990353697748,0.03340825924758769,,400,l2,,0.8,log,,,,,
SGDClassifier,0.46769790718835297,0.5978583488370367,0.6923963133640553,0.09512820854575822,,400,l2,,0.2,perceptron,,,,,
SGDClassifier,0.5887384176764077,0.5976980806845869,0.6137566137566137,0.01138048039157264,,400,l1,,0.2,squared_hinge,,,,,
SGDClassifier,0.5528391167192429,0.5970613336981524,0.6428351309707242,0.03675709633385066,,200,l2,,0.8,log,,,,,
SGDClassifier,0.5859154929577465,0.5969352522065176,0.6027397260273972,0.007795858138193771,,300,l1,,0.4,squared_hinge,,,,,
SGDClassifier,0.5776353276353277,0.5959883524150283,0.6062742333450828,0.013009120838376546,,400,l1,,0.3,squared_hinge,,,,,
SGDClassifier,0.5825105782792666,0.5956347634676554,0.6066024759284733,0.009952978249533511,,300,l1,,0.3,squared_hinge,,,,,
SGDClassifier,0.5806220951018949,0.5948500438888086,0.6200903719151895,0.01789582057424016,,400,l1,,0.6,squared_hinge,,,,,
SGDClassifier,0.5736488873189685,0.5945056212750081,0.6150137741046833,0.016888943055541675,,300,l2,,0.1,squared_hinge,,,,,
SGDClassifier,0.5926708949964763,0.5934432760578564,0.5948827292110874,0.0010187546417156563,,400,l1,,0.5,squared_hinge,,,,,
SGDClassifier,0.5838949982263214,0.5934423301878288,0.601293103448276,0.00720334412608284,,200,l1,,0.5,squared_hinge,,,,,
SGDClassifier,0.5892986261749819,0.5930501118446064,0.5970772442588725,0.003181583533361061,,400,l1,,0.8,squared_hinge,,,,,
SGDClassifier,0.4198250728862974,0.5920813052435133,0.693450742982939,0.12243761696566849,,100,l2,,0.1,perceptron,,,,,
SGDClassifier,0.5698046181172292,0.5917923184325771,0.6146475017111567,0.018317304155238134,,100,l2,,0.1,squared_hinge,,,,,
SGDClassifier,0.5773342836778332,0.5911878698927172,0.6167706167706168,0.018110512588832124,,200,elasticnet,,0.2,squared_hinge,,,,,
SGDClassifier,0.5073720728534258,0.5899484085792073,0.6362728785357736,0.05853490557038878,,100,l2,,0.5,log,,,,,
SGDClassifier,0.5699001426533524,0.5899361050962658,0.6055555555555555,0.014887495891581125,,400,elasticnet,,0.1,squared_hinge,,,,,
SGDClassifier,0.5769230769230769,0.5899115428141775,0.6064605765890935,0.01231866346569101,,200,elasticnet,,0.1,squared_hinge,,,,,
SGDClassifier,0.5748930099857346,0.5888703938438742,0.6033203814906393,0.01161023624293765,,100,elasticnet,,0.2,squared_hinge,,,,,
SGDClassifier,0.5776978417266188,0.5888567232438292,0.6108581436077057,0.015557889567511024,,100,l1,,0.7,squared_hinge,,,,,
SGDClassifier,0.5661053385883196,0.5880379819343076,0.6053904630269523,0.016361818669082963,,300,elasticnet,,0.1,squared_hinge,,,,,
SGDClassifier,0.5086805555555556,0.587875679567501,0.640744433366567,0.057038146779499706,,400,l2,,0.3,log,,,,,
SGDClassifier,0.561186650185414,0.5876561598755089,0.6148673888681359,0.02192134480399531,,100,l2,,0.2,log,,,,,
SGDClassifier,0.5794655414908579,0.587170809300491,0.5910404624277457,0.0054484648399072575,,100,l1,,0.5,squared_hinge,,,,,
SGDClassifier,0.5730951512942035,0.5862659948706695,0.5948428117273049,0.009454064195017207,,300,l1,,0.8,squared_hinge,,,,,
SGDClassifier,0.5792114695340501,0.5861807005250098,0.5926449787835926,0.005495818145695687,,300,l1,,0.5,squared_hinge,,,,,
SGDClassifier,0.5813295615275813,0.5861185907726728,0.5900621118012422,0.003614832562158176,,300,elasticnet,,0.1,hinge,,,,,
SGDClassifier,0.5665112943707422,0.5857690178616634,0.6123576113220572,0.019421250137964776,,100,l2,,0.2,squared_hinge,,,,,
SGDClassifier,0.5574667709147773,0.5857431628825069,0.6375166889185581,0.03666136772472727,,400,elasticnet,,0.2,modified_huber,,,,,
SGDClassifier,0.559069429298437,0.5856445320012118,0.6025280898876404,0.019019434372019486,,200,l2,,0.1,squared_hinge,,,,,
SGDClassifier,0.5683453237410072,0.5854920944807511,0.5996521739130435,0.01295427755989213,,200,l1,,0.6,squared_hinge,,,,,
SGDClassifier,0.5656205420827389,0.5850867626620958,0.6053938963804117,0.016248287688297242,,100,l1,,0.3,squared_hinge,,,,,
SGDClassifier,0.4638529043042207,0.5850573834830936,0.656865464632455,0.08619151240051622,,200,l2,,1.0,perceptron,,,,,
SGDClassifier,0.5751539297356031,0.5849560218840386,0.6032855644879412,0.012971385865629402,,200,l1,,0.7,squared_hinge,,,,,
SGDClassifier,0.5696926375982845,0.5848576516994247,0.6071179344033496,0.01608146630225927,,300,elasticnet,,0.2,squared_hinge,,,,,
SGDClassifier,0.5686832740213523,0.5844603969318434,0.5953293830602998,0.011418439377668635,,100,l1,,0.9,squared_hinge,,,,,
SGDClassifier,0.5601449275362319,0.5838777228905933,0.5984412063707218,0.016925492672838445,,400,elasticnet,,0.1,hinge,,,,,
SGDClassifier,0.5726712577020658,0.5838553003481183,0.6006322444678609,0.012080689974777785,,300,l1,,0.9,squared_hinge,,,,,
SGDClassifier,0.5761107064821558,0.5834179610617971,0.5973561986423723,0.009859688499185648,,200,l1,,0.4,squared_hinge,,,,,
SGDClassifier,0.569415081042988,0.5834116522731284,0.6093913043478261,0.018388769712788734,,200,l2,,0.2,squared_hinge,,,,,
SGDClassifier,0.5609756097560975,0.5833106228214465,0.6020230205790025,0.01695218747079122,,200,l1,,0.8,squared_hinge,,,,,
SGDClassifier,0.5721072276891754,0.5826481562800141,0.5943331029716656,0.009109663955728299,,200,elasticnet,,0.3,modified_huber,,,,,
SGDClassifier,0.5801526717557253,0.5824455204657689,0.5857391304347827,0.002387924128651694,,200,elasticnet,,0.1,hinge,,,,,
SGDClassifier,0.5686416184971097,0.5824229238286549,0.5921985815602836,0.010025518663589528,,100,l1,,0.4,squared_hinge,,,,,
SGDClassifier,0.5654825977753858,0.5813447542062832,0.6103221337028057,0.0205207667594306,,300,l2,,0.2,squared_hinge,,,,,
SGDClassifier,0.5671428571428571,0.5806823349765141,0.6064830951551063,0.018251353653391852,,400,l2,,0.2,squared_hinge,,,,,
SGDClassifier,0.5741797432239657,0.5797164817300821,0.5882352941176471,0.00611332976410457,,100,l1,,0.8,squared_hinge,,,,,
SGDClassifier,0.5552736498731423,0.5792459444559722,0.5967399007795889,0.01753737230430462,,200,elasticnet,,0.4,squared_hinge,,,,,
SGDClassifier,0.5732758620689656,0.5785388721763686,0.5858156028368794,0.005313666498199146,,100,l1,,1.0,squared_hinge,,,,,
SGDClassifier,0.42274186153140764,0.5782181393727264,0.664469036967271,0.11015783158354508,,400,l1,,0.1,modified_huber,,,,,
SGDClassifier,0.5764998225062123,0.5778647884550697,0.5803636363636364,0.0017694689608507303,,100,l1,,0.6,squared_hinge,,,,,
SGDClassifier,0.5630519251148003,0.5770765407119706,0.5879873551106427,0.010415236777504264,,300,l1,,1.0,squared_hinge,,,,,
SGDClassifier,0.5645967166309779,0.5766202229319951,0.5935302390998594,0.01230706205459326,,300,l1,,0.7,squared_hinge,,,,,
SGDClassifier,0.5610632183908046,0.5765997847009917,0.6052356020942409,0.020273014160269432,,400,elasticnet,,0.3,squared_hinge,,,,,
SGDClassifier,0.5666784577290414,0.5753337121647406,0.5855404438081603,0.007778129203382872,,400,l1,,0.7,squared_hinge,,,,,
SGDClassifier,0.5610632183908046,0.5749823222039203,0.5973934483973231,0.016001192375613902,,200,elasticnet,,0.3,squared_hinge,,,,,
SGDClassifier,0.55643994211288,0.5743252419767028,0.601472134595163,0.019515932212851368,,300,elasticnet,,0.3,squared_hinge,,,,,
SGDClassifier,0.554627949183303,0.5741203234526935,0.6019621583742116,0.020205889567454425,,300,l2,,0.3,squared_hinge,,,,,
SGDClassifier,0.3676688023656973,0.5731569107170312,0.6808773555761508,0.14535883523105048,,200,l2,,0.6,perceptron,,,,,
SGDClassifier,0.5549927641099854,0.5729756539642962,0.5995777621393386,0.0191950289687145,,300,elasticnet,,0.4,squared_hinge,,,,,
SGDClassifier,0.5545914678235719,0.5724776337662526,0.5947480482611781,0.01668440318853468,,400,elasticnet,,0.4,squared_hinge,,,,,
SGDClassifier,0.49151027703306527,0.5705069793352407,0.6649984360337817,0.07166868627565429,,400,l2,,0.5,perceptron,,,,,
SGDClassifier,0.5533453887884267,0.5703034062416316,0.5791505791505792,0.011994896465374057,,300,l1,,0.6,squared_hinge,,,,,
SGDClassifier,0.5605234460196292,0.5702367877035428,0.5886953430501244,0.013058152423639188,,400,l1,,0.9,squared_hinge,,,,,
SGDClassifier,0.5494905385735079,0.5701656262865137,0.5886379192334017,0.016057575195088516,,100,elasticnet,,0.1,hinge,,,,,
SGDClassifier,0.5565726839985353,0.5700935926569574,0.5926188786373314,0.01603415407188782,,400,l2,,0.4,squared_hinge,,,,,
SGDClassifier,0.5455887781469176,0.5697000155967146,0.6001410437235543,0.022716177897368763,,100,l2,,0.3,squared_hinge,,,,,
SGDClassifier,0.5570445490764216,0.5681195667059146,0.5815295815295815,0.010131415250946678,,100,elasticnet,,0.9,squared_hinge,,,,,
SGDClassifier,0.5497076023391811,0.5670939430526253,0.5934844192634561,0.018972054308848473,,200,elasticnet,,0.5,squared_hinge,,,,,
SGDClassifier,0.485405837664934,0.5670079074699036,0.6623058053965658,0.07286554479229673,,100,l2,,1.0,perceptron,,,,,
SGDClassifier,0.5451873622336518,0.5669957364125389,0.6010028653295129,0.02436458918637204,,100,elasticnet,,0.7,squared_hinge,,,,,
SGDClassifier,0.5467998520162782,0.5668338888649781,0.5949625595643295,0.020478507798370207,,300,elasticnet,,0.3,modified_huber,,,,,
SGDClassifier,0.5479151426481347,0.5664900715271187,0.5931181269953885,0.019312639805264202,,300,l2,,0.4,squared_hinge,,,,,
SGDClassifier,0.5600981193785773,0.5662633553396312,0.5703125000000001,0.004430332919352685,,400,l2,,0.4,log,,,,,
SGDClassifier,0.5509761388286334,0.5658778801628638,0.5955334987593052,0.020969775896102633,,100,l2,,0.5,squared_hinge,,,,,
SGDClassifier,0.5497420781134855,0.5657683447480583,0.5944783076371458,0.02034682073455205,,200,elasticnet,,0.7,squared_hinge,,,,,
SGDClassifier,0.5477941176470589,0.5657049982916376,0.5883190883190883,0.016875197694971606,,300,elasticnet,,0.6,squared_hinge,,,,,
SGDClassifier,0.5453205600589536,0.5656626698632573,0.5920114122681882,0.019528929760833234,,100,elasticnet,,0.5,squared_hinge,,,,,
SGDClassifier,0.5226816539542352,0.5652459478429849,0.5941610522938724,0.030735987332789743,,200,elasticnet,,0.4,modified_huber,,,,,
SGDClassifier,0.5512960934647682,0.5642999029797672,0.5899536872105451,0.018140539936576015,,200,elasticnet,,0.6,squared_hinge,,,,,
SGDClassifier,0.5437248444932309,0.5628566331872018,0.5927505330490405,0.021412563480115547,,300,l2,,0.5,squared_hinge,,,,,
SGDClassifier,0.543327239488117,0.5627287433454886,0.5921708185053379,0.021166539740243837,,400,l2,,0.5,squared_hinge,,,,,
SGDClassifier,0.5384898710865563,0.5623732186064976,0.5845272206303724,0.0188344076119293,,400,elasticnet,,0.8,squared_hinge,,,,,
SGDClassifier,0.5210855949895615,0.562346722342856,0.6194125159642402,0.041668424928031085,,100,elasticnet,,0.3,modified_huber,,,,,
SGDClassifier,0.43478260869565216,0.5616359637130334,0.6754208754208753,0.09867381284153996,,400,l2,,0.4,perceptron,,,,,
LogisticRegression,0.5527379639838295,0.5605381926322112,0.5672178289000719,0.005964250020503734,0.01,200,l1,saga,,,,,,,
LogisticRegression,0.5527379639838295,0.5605381926322112,0.5672178289000719,0.005964250020503734,0.01,300,l1,saga,,,,,,,
LogisticRegression,0.5527379639838295,0.5605381926322112,0.5672178289000719,0.005964250020503734,0.01,400,l1,saga,,,,,,,
LogisticRegression,0.5527379639838295,0.5605381926322112,0.5672178289000719,0.005964250020503734,0.01,100,l1,saga,,,,,,,
SGDClassifier,0.36744407425035697,0.5602734037406666,0.6800428036383093,0.1376779003999423,,300,l2,,0.5,perceptron,,,,,
SGDClassifier,0.537269372693727,0.5593648339990648,0.5838998211091234,0.01911479609219276,,200,l2,,0.6,squared_hinge,,,,,
SGDClassifier,0.5378955114054452,0.5584186214313416,0.5875222816399286,0.021149049814035106,,300,l2,,0.6,squared_hinge,,,,,
SGDClassifier,0.5392843969015123,0.5580388469558533,0.5872733736224671,0.020946113020962713,,100,l2,,0.6,squared_hinge,,,,,
SGDClassifier,0.5383480825958701,0.55779508513259,0.5864285714285714,0.020675701753382902,,400,l2,,0.6,squared_hinge,,,,,
SGDClassifier,0.5369276218611521,0.5574215141430932,0.583810888252149,0.019588733094182412,,400,l2,,0.7,squared_hinge,,,,,
SGDClassifier,0.49725776965265084,0.5573584616885812,0.5916831683168318,0.04264066952276949,,300,l2,,0.3,perceptron,,,,,
SGDClassifier,0.5383759733036707,0.5570050983085278,0.5848037450486137,0.0200323836814253,,400,elasticnet,,0.9,squared_hinge,,,,,
SGDClassifier,0.5394006659267481,0.5563944058896514,0.5806916426512969,0.01763031459038168,,300,elasticnet,,0.9,squared_hinge,,,,,
SGDClassifier,0.5397643593519881,0.5561576775975466,0.578130638758571,0.016152237413107343,,100,l2,,0.7,squared_hinge,,,,,
SGDClassifier,0.5380635624538063,0.5555112162059865,0.5815551537070524,0.0187670224623473,,200,l2,,0.8,squared_hinge,,,,,
SGDClassifier,0.5340740740740741,0.5552642613299065,0.5813198701767041,0.01959244000094923,,300,l2,,0.8,squared_hinge,,,,,
SGDClassifier,0.542761940022214,0.5550923097582319,0.566051393412957,0.009557195507311317,,300,elasticnet,,0.1,log,,,,,
SGDClassifier,0.5326409495548962,0.5549617354593289,0.5831533477321814,0.021035296433871215,,400,l2,,0.8,squared_hinge,,,,,
SGDClassifier,0.5336787564766838,0.5542965119611806,0.5787387387387388,0.01859337580730955,,200,elasticnet,,0.9,squared_hinge,,,,,
SGDClassifier,0.5180770758839889,0.5533276361501905,0.5902823374917925,0.029502293962407843,,300,elasticnet,,0.4,modified_huber,,,,,
SGDClassifier,0.5067650676506765,0.5527401581812649,0.592490527040992,0.03527297328767851,,300,elasticnet,,0.2,modified_huber,,,,,
SGDClassifier,0.4741124260355029,0.5523742842926659,0.6145442130419939,0.05844931905461892,,100,elasticnet,,0.1,squared_hinge,,,,,
SGDClassifier,0.5252525252525253,0.5520101318998453,0.5836631881971932,0.024095994921229394,,400,l2,,0.9,squared_hinge,,,,,
SGDClassifier,0.5280059746079164,0.5517913098046026,0.5816473988439306,0.022315781227350832,,200,l2,,0.9,squared_hinge,,,,,
SGDClassifier,0.5265519820493643,0.5512519320018029,0.5796891940730032,0.02185354970122816,,100,elasticnet,,1.0,squared_hinge,,,,,
SGDClassifier,0.5327679259830377,0.5500968200841615,0.5651857246904589,0.013328955522005963,,400,elasticnet,,0.1,log,,,,,
SGDClassifier,0.5016025641025641,0.5490762203066716,0.598441926345609,0.039557135128343385,,400,elasticnet,,0.3,modified_huber,,,,,
SGDClassifier,0.5450467289719627,0.5483015607424729,0.5542691751085385,0.004225539038085044,,100,elasticnet,,0.1,log,,,,,
SGDClassifier,0.5372065260644647,0.5482163965811572,0.5554367201426025,0.00791014090165946,,400,elasticnet,,0.4,modified_huber,,,,,
SGDClassifier,0.5258814703675919,0.5475082756703162,0.5781818181818182,0.022289222896066076,,300,l2,,1.0,squared_hinge,,,,,
SGDClassifier,0.5240601503759399,0.5472672023558679,0.579080709373869,0.02327185394925135,,200,l2,,1.0,squared_hinge,,,,,
SGDClassifier,0.4301703163017032,0.5467660130808127,0.6465876321691765,0.08914460504746133,,200,l2,,1.0,log,,,,,
SGDClassifier,0.47850467289719634,0.5457143825537326,0.672571777642028,0.08975483299535067,,200,l2,,0.3,perceptron,,,,,
SGDClassifier,0.45753307725138714,0.5440102194185683,0.6709062003179651,0.09167800283289296,,200,l2,,0.8,perceptron,,,,,
SGDClassifier,0.3354978354978355,0.5319378797517115,0.6737433655947549,0.14339040155509367,,300,l2,,0.4,perceptron,,,,,
SGDClassifier,0.2633333333333333,0.5307592765429038,0.6710671067106712,0.18917534808674558,,200,l2,,0.5,perceptron,,,,,
SGDClassifier,0.45587162654996355,0.5302751549541219,0.585155969881678,0.05455555342214809,,300,elasticnet,,0.7,squared_hinge,,,,,
SGDClassifier,0.4208211143695015,0.5274131716407787,0.6125407756433491,0.07972723999292042,,200,l2,,0.7,squared_hinge,,,,,
SGDClassifier,0.44105912223431265,0.5269877613764034,0.5878548329141213,0.062494302655463095,,300,elasticnet,,0.8,squared_hinge,,,,,
SGDClassifier,0.4186219739292365,0.5237475660621788,0.591800356506239,0.07540328249616211,,200,l2,,0.5,squared_hinge,,,,,
SGDClassifier,0.48148148148148157,0.5230515631271263,0.565899963490325,0.03447555269295517,,200,elasticnet,,0.1,log,,,,,
SGDClassifier,0.41070745697896754,0.5213111273667383,0.5796598403332176,0.07824816245593723,,400,elasticnet,,0.2,squared_hinge,,,,,
SGDClassifier,0.43151427538850745,0.5205362415706403,0.581344902386117,0.0643391904746935,,100,l2,,0.8,squared_hinge,,,,,
SGDClassifier,0.40823970037453183,0.5202678568194496,0.5950354609929078,0.08068219800728466,,400,elasticnet,,0.5,squared_hinge,,,,,
SGDClassifier,0.4954128440366973,0.5199780417967057,0.5469774217042972,0.02112140067254371,,100,elasticnet,,0.4,modified_huber,,,,,
SGDClassifier,0.40468101170252924,0.5195666848731677,0.6100248844649839,0.08559226062892149,,400,elasticnet,,0.6,squared_hinge,,,,,
SGDClassifier,0.22607655502392343,0.5184430064954955,0.664783427495292,0.20673434026935847,,400,elasticnet,,0.2,hinge,,,,,
SVC,0.5116894574327305,0.5183994089500716,0.5228403437358661,0.004826792864307383,0.01,,,,,,poly,,,,
SGDClassifier,0.430835734870317,0.5180242628645044,0.5807150595882989,0.0635927518014795,,300,l2,,0.9,squared_hinge,,,,,
SGDClassifier,0.4289876183539694,0.5178826879006132,0.5772151898734177,0.06402245590835896,,300,elasticnet,,1.0,squared_hinge,,,,,
SGDClassifier,0.41874527588813304,0.515453776801775,0.5673859214715247,0.06844560827753092,,100,elasticnet,,0.3,squared_hinge,,,,,
SGDClassifier,0.43045387994143486,0.5142949909147583,0.5830630630630631,0.06320753155454421,,200,elasticnet,,1.0,squared_hinge,,,,,
SGDClassifier,0.42136498516320475,0.5131984316438029,0.5777295733911785,0.06669099387341215,,100,elasticnet,,0.8,squared_hinge,,,,,
SGDClassifier,0.4120754716981132,0.5125780101211289,0.5845601436265709,0.07324752844550998,,100,elasticnet,,0.6,squared_hinge,,,,,
SGDClassifier,0.41318030359126245,0.5107226848832815,0.5801581595974119,0.07100657127870265,,300,l2,,0.7,squared_hinge,,,,,
SGDClassifier,0.37085427135678395,0.5104403946254755,0.5803409503083061,0.09870233334579695,,300,elasticnet,,0.5,modified_huber,,,,,
SVC,0.49493184201328205,0.5100435504216317,0.52751677852349,0.013407139970694534,0.1,,,,,,sigmoid,,,,
SGDClassifier,0.4262413918086263,0.510028311895457,0.5797833935018051,0.06346366907842521,,100,l2,,1.0,squared_hinge,,,,,
SGDClassifier,0.3879699248120301,0.5023649120118807,0.5605141021063906,0.08089320345805034,,100,elasticnet,,0.4,squared_hinge,,,,,
SGDClassifier,0.37877052310042,0.5001256550207048,0.5661712668082095,0.08592289934798898,,400,l2,,0.3,squared_hinge,,,,,
SGDClassifier,0.37889141989369785,0.49566584581697315,0.5610537557849768,0.08276959856878942,,300,elasticnet,,0.5,squared_hinge,,,,,
SGDClassifier,0.37794676806083655,0.4948779693959873,0.5580404685835996,0.0827717352722482,,200,l2,,0.4,squared_hinge,,,,,
SGDClassifier,0.3886184949457132,0.49306504892159714,0.5488640461593943,0.07391255082137337,,400,elasticnet,,0.7,squared_hinge,,,,,
SGDClassifier,0.43731117824773413,0.49202032481630814,0.5868055555555556,0.06728898673386059,,400,l2,,0.1,squared_hinge,,,,,
SGDClassifier,0.39328358208955233,0.49151049515922574,0.5454545454545454,0.06956881233463118,,200,elasticnet,,0.8,squared_hinge,,,,,
SGDClassifier,0.3832778394376618,0.4877026564969746,0.5474452554744526,0.07409503168941746,,400,elasticnet,,1.0,squared_hinge,,,,,
SGDClassifier,0.3825701624815362,0.48549597988795784,0.5447897623400366,0.07305986358348313,,100,l2,,0.9,squared_hinge,,,,,
SGDClassifier,0.384924990852543,0.4833135482780344,0.5400812707794606,0.06984548768542467,,400,l2,,1.0,squared_hinge,,,,,
SGDClassifier,0.3980233602875113,0.4830563124653189,0.5578720345075485,0.0656566498597485,,200,l2,,0.9,perceptron,,,,,
SGDClassifier,0.3218503937007874,0.4791218312325484,0.5819051414906338,0.1129419761717032,,100,l2,,0.9,perceptron,,,,,
SGDClassifier,0.4418912947414936,0.47879130512134854,0.5060147458284828,0.02705773143114107,,200,elasticnet,,0.6,modified_huber,,,,,
SGDClassifier,0.45241257193448425,0.47346590140574385,0.5060334760607241,0.02335570910137359,,100,elasticnet,,0.5,modified_huber,,,,,
SGDClassifier,0.25270347182697783,0.47027103880473065,0.585245322979174,0.15392651265934712,,400,elasticnet,,0.6,modified_huber,,,,,
SGDClassifier,0.39834024896265563,0.4667748050419755,0.6009126009126009,0.09485629915100871,,200,l2,,0.3,squared_hinge,,,,,
SGDClassifier,0.2930856553147575,0.4629244826434791,0.5781629116117851,0.1226190935112944,,400,l2,,0.8,perceptron,,,,,
SVC,0.4372990353697749,0.4583667703518713,0.4737398660556926,0.01541222940075374,1,,,,,,sigmoid,,,,
SVC,0.4348762109795479,0.4516828022027468,0.46699787083037614,0.013155955245512685,10,,,,,,sigmoid,,,,
SGDClassifier,0.3641820910455228,0.4481052527632829,0.5287175452399685,0.06721210363762246,,100,elasticnet,,0.6,modified_huber,,,,,
SGDClassifier,0.37976594941487357,0.4471308938010736,0.5588963565617262,0.07958425394967426,,100,l2,,0.4,squared_hinge,,,,,
SGDClassifier,0.0,0.4444686784215075,0.6689369982972514,0.3142921096081718,,300,elasticnet,,0.1,perceptron,,,,,
SGDClassifier,0.0,0.44308415482085434,0.664783427495292,0.313307836799884,,200,l1,,1.0,log,,,,,
SGDClassifier,0.0,0.44308415482085434,0.664783427495292,0.313307836799884,,400,elasticnet,,1.0,hinge,,,,,
SGDClassifier,0.0,0.44308415482085434,0.664783427495292,0.31330783679988405,,400,l1,,1.0,hinge,,,,,
SGDClassifier,0.0,0.44308415482085434,0.664783427495292,0.313307836799884,,100,l1,,0.3,hinge,,,,,
SGDClassifier,0.0,0.44308415482085434,0.664783427495292,0.313307836799884,,400,l1,,0.9,perceptron,,,,,
SGDClassifier,0.0,0.44308415482085434,0.664783427495292,0.313307836799884,,400,elasticnet,,0.2,perceptron,,,,,
SGDClassifier,0.0,0.44308415482085434,0.664783427495292,0.313307836799884,,200,l1,,0.3,hinge,,,,,
SGDClassifier,0.0,0.44308415482085434,0.664783427495292,0.313307836799884,,200,elasticnet,,1.0,log,,,,,
SGDClassifier,0.0,0.44308415482085434,0.664783427495292,0.313307836799884,,100,l1,,0.8,hinge,,,,,
SGDClassifier,0.0,0.44308415482085434,0.664783427495292,0.313307836799884,,200,elasticnet,,0.8,hinge,,,,,
SGDClassifier,0.0,0.44308415482085434,0.664783427495292,0.31330783679988405,,100,elasticnet,,0.9,hinge,,,,,
SGDClassifier,0.0,0.44308415482085434,0.664783427495292,0.31330783679988405,,200,l1,,0.9,perceptron,,,,,
SGDClassifier,0.0,0.44308415482085434,0.664783427495292,0.31330783679988405,,200,l1,,0.8,perceptron,,,,,
SGDClassifier,0.0,0.44308415482085434,0.664783427495292,0.313307836799884,,100,l1,,0.9,hinge,,,,,
SGDClassifier,0.0,0.44308415482085434,0.664783427495292,0.31330783679988405,,400,l1,,0.9,hinge,,,,,
SGDClassifier,0.0,0.44308415482085434,0.664783427495292,0.313307836799884,,400,l1,,0.8,perceptron,,,,,
SGDClassifier,0.0,0.44308415482085434,0.664783427495292,0.313307836799884,,300,l1,,0.8,perceptron,,,,,
SGDClassifier,0.0,0.44308415482085434,0.664783427495292,0.31330783679988405,,300,l1,,0.1,perceptron,,,,,
SGDClassifier,0.0,0.44308415482085434,0.664783427495292,0.31330783679988405,,200,l1,,0.9,log,,,,,
SGDClassifier,0.0,0.44308415482085434,0.664783427495292,0.313307836799884,,100,elasticnet,,0.2,perceptron,,,,,
SGDClassifier,0.0,0.44308415482085434,0.664783427495292,0.313307836799884,,300,l1,,0.8,log,,,,,
SGDClassifier,0.0,0.44308415482085434,0.664783427495292,0.31330783679988405,,100,l1,,0.8,perceptron,,,,,
SGDClassifier,0.0,0.44308415482085434,0.664783427495292,0.313307836799884,,200,l1,,0.2,hinge,,,,,
SGDClassifier,0.0,0.44308415482085434,0.664783427495292,0.313307836799884,,400,elasticnet,,1.0,perceptron,,,,,
SGDClassifier,0.0,0.44308415482085434,0.664783427495292,0.31330783679988405,,200,l1,,1.0,perceptron,,,,,
SGDClassifier,0.0,0.44308415482085434,0.664783427495292,0.313307836799884,,300,l1,,0.9,hinge,,,,,
SGDClassifier,0.0,0.44308415482085434,0.664783427495292,0.31330783679988405,,100,elasticnet,,1.0,perceptron,,,,,
SGDClassifier,0.0,0.44308415482085434,0.664783427495292,0.313307836799884,,300,l1,,0.2,hinge,,,,,
SGDClassifier,0.0,0.44308415482085434,0.664783427495292,0.31330783679988405,,400,l1,,0.8,hinge,,,,,
SGDClassifier,0.0,0.44308415482085434,0.664783427495292,0.313307836799884,,300,elasticnet,,0.3,perceptron,,,,,
SGDClassifier,0.0,0.44308415482085434,0.664783427495292,0.31330783679988405,,400,elasticnet,,0.3,hinge,,,,,
SGDClassifier,0.0,0.44308415482085434,0.664783427495292,0.31330783679988405,,200,elasticnet,,0.4,perceptron,,,,,
SGDClassifier,0.0,0.44308415482085434,0.664783427495292,0.31330783679988405,,200,l1,,0.7,hinge,,,,,
SGDClassifier,0.0,0.44308415482085434,0.664783427495292,0.31330783679988405,,200,elasticnet,,0.7,hinge,,,,,
SGDClassifier,0.0,0.44308415482085434,0.664783427495292,0.31330783679988405,,300,l1,,0.7,hinge,,,,,
SGDClassifier,0.0,0.44308415482085434,0.664783427495292,0.31330783679988405,,200,l1,,0.4,perceptron,,,,,
SGDClassifier,0.0,0.44308415482085434,0.664783427495292,0.31330783679988405,,100,elasticnet,,0.4,perceptron,,,,,
SGDClassifier,0.0,0.44308415482085434,0.664783427495292,0.31330783679988405,,200,elasticnet,,0.6,perceptron,,,,,
SGDClassifier,0.0,0.44308415482085434,0.664783427495292,0.31330783679988405,,200,l1,,0.7,log,,,,,
SGDClassifier,0.0,0.44308415482085434,0.664783427495292,0.31330783679988405,,200,l1,,0.5,hinge,,,,,
SGDClassifier,0.0,0.44308415482085434,0.664783427495292,0.313307836799884,,200,elasticnet,,0.5,hinge,,,,,
SGDClassifier,0.0,0.44308415482085434,0.664783427495292,0.31330783679988405,,300,l1,,0.5,hinge,,,,,
SGDClassifier,0.0,0.44308415482085434,0.664783427495292,0.313307836799884,,400,l1,,0.3,perceptron,,,,,
SGDClassifier,0.0,0.44308415482085434,0.664783427495292,0.31330783679988405,,200,l1,,0.6,log,,,,,
SGDClassifier,0.0,0.44308415482085434,0.664783427495292,0.31330783679988405,,400,l1,,0.5,perceptron,,,,,
SGDClassifier,0.0,0.44308415482085434,0.664783427495292,0.313307836799884,,300,elasticnet,,0.4,perceptron,,,,,
SGDClassifier,0.0,0.44308415482085434,0.664783427495292,0.313307836799884,,200,elasticnet,,0.3,perceptron,,,,,
SGDClassifier,0.0,0.44308415482085434,0.664783427495292,0.313307836799884,,200,elasticnet,,0.5,perceptron,,,,,
SGDClassifier,0.0,0.44308415482085434,0.664783427495292,0.31330783679988405,,300,l1,,0.7,perceptron,,,,,
SGDClassifier,0.0,0.44308415482085434,0.664783427495292,0.313307836799884,,100,elasticnet,,0.3,perceptron,,,,,
SGDClassifier,0.0,0.44308415482085434,0.664783427495292,0.313307836799884,,100,l1,,0.3,perceptron,,,,,
SGDClassifier,0.0,0.44308415482085434,0.664783427495292,0.313307836799884,,100,elasticnet,,0.5,perceptron,,,,,
SGDClassifier,0.0,0.44308415482085434,0.664783427495292,0.313307836799884,,200,l1,,0.5,perceptron,,,,,
SGDClassifier,0.0,0.44308415482085434,0.664783427495292,0.313307836799884,,100,l1,,0.7,perceptron,,,,,
SGDClassifier,0.0,0.44297935797818067,0.664469036967271,0.3132337079520347,,200,elasticnet,,0.9,log,,,,,
SGDClassifier,0.0,0.44297935797818067,0.664469036967271,0.3132337079520347,,400,elasticnet,,0.4,perceptron,,,,,
SGDClassifier,0.0,0.44297935797818067,0.664469036967271,0.3132337079520347,,300,l1,,0.1,modified_huber,,,,,
SGDClassifier,0.0,0.44297935797818067,0.664469036967271,0.3132337079520347,,200,l1,,0.5,log,,,,,
SGDClassifier,0.0,0.44297935797818067,0.664469036967271,0.3132337079520347,,400,l1,,0.3,hinge,,,,,
SGDClassifier,0.0,0.44297935797818067,0.664469036967271,0.3132337079520347,,300,elasticnet,,0.6,perceptron,,,,,
SGDClassifier,0.0,0.44297935797818067,0.664469036967271,0.3132337079520347,,200,l1,,0.6,perceptron,,,,,
SGDClassifier,0.0,0.44297935797818067,0.664469036967271,0.3132337079520347,,100,elasticnet,,0.4,hinge,,,,,
SGDClassifier,0.0,0.44297935797818067,0.664469036967271,0.3132337079520347,,200,elasticnet,,1.0,perceptron,,,,,
SGDClassifier,0.0,0.44297935797818067,0.664469036967271,0.3132337079520347,,300,l1,,0.5,perceptron,,,,,
SGDClassifier,0.0,0.44297935797818067,0.664469036967271,0.3132337079520347,,300,l1,,0.4,perceptron,,,,,
SGDClassifier,0.0,0.44297935797818067,0.664469036967271,0.3132337079520347,,400,l1,,0.4,hinge,,,,,
SGDClassifier,0.0,0.44297935797818067,0.664469036967271,0.3132337079520347,,100,elasticnet,,1.0,log,,,,,
SGDClassifier,0.0,0.44297935797818067,0.664469036967271,0.3132337079520347,,400,l1,,0.2,modified_huber,,,,,
SGDClassifier,0.0,0.44297935797818067,0.664469036967271,0.3132337079520347,,100,elasticnet,,0.6,hinge,,,,,
SGDClassifier,0.0,0.44297935797818067,0.664469036967271,0.3132337079520347,,400,elasticnet,,0.9,perceptron,,,,,
SGDClassifier,0.0,0.44297935797818067,0.664469036967271,0.3132337079520347,,400,l1,,0.6,perceptron,,,,,
SGDClassifier,0.0,0.44297935797818067,0.664469036967271,0.3132337079520347,,400,l1,,0.2,perceptron,,,,,
SGDClassifier,0.0,0.44297935797818067,0.664469036967271,0.3132337079520347,,200,elasticnet,,1.0,hinge,,,,,
SGDClassifier,0.3759551706571574,0.4380262247237714,0.49886208466090126,0.05018413863552279,,200,l2,,0.4,perceptron,,,,,
SGDClassifier,0.0,0.3972002733043358,0.664469036967271,0.2864046358683499,,100,elasticnet,,0.2,hinge,,,,,
SGDClassifier,0.0,0.3926608501602615,0.664469036967271,0.28441026698736216,,100,elasticnet,,0.1,perceptron,,,,,
SGDClassifier,0.0,0.38861699147829504,0.5973011363636364,0.2750442798745993,,400,l1,,1.0,squared_hinge,,,,,
SGDClassifier,0.0,0.3803918704387912,0.581033262561925,0.2691128498008093,,200,l1,,1.0,squared_hinge,,,,,
SGDClassifier,0.0,0.3782334147291076,0.6041802743305029,0.26913670272065554,,400,elasticnet,,0.5,modified_huber,,,,,
SGDClassifier,0.0,0.37584131852432884,0.6215092097445039,0.26991018917582177,,200,l1,,0.1,modified_huber,,,,,
SGDClassifier,0.0,0.31649606477834613,0.4875459371171907,0.22404048201345414,,200,elasticnet,,0.5,modified_huber,,,,,
SGDClassifier,0.0,0.3013160341120927,0.607250755287009,0.24793059398656841,,200,elasticnet,,0.2,hinge,,,,,
SGDClassifier,0.0,0.22159447583176398,0.664783427495292,0.3133819130682377,,300,l1,,0.6,perceptron,,,,,
SGDClassifier,0.0,0.22159447583176398,0.664783427495292,0.3133819130682377,,100,l1,,0.9,log,,,,,
SGDClassifier,0.0,0.22159447583176398,0.664783427495292,0.3133819130682377,,200,elasticnet,,0.1,perceptron,,,,,
SGDClassifier,0.0,0.22159447583176398,0.664783427495292,0.3133819130682377,,100,elasticnet,,0.6,perceptron,,,,,
SGDClassifier,0.0,0.22159447583176398,0.664783427495292,0.3133819130682377,,100,l1,,0.1,perceptron,,,,,
SGDClassifier,0.0,0.22159447583176398,0.664783427495292,0.3133819130682377,,200,l1,,0.1,perceptron,,,,,
SGDClassifier,0.0,0.22159447583176398,0.664783427495292,0.3133819130682377,,300,elasticnet,,0.5,perceptron,,,,,
SGDClassifier,0.0,0.22159447583176398,0.664783427495292,0.3133819130682377,,300,l1,,1.0,perceptron,,,,,
SGDClassifier,0.0,0.22159447583176398,0.664783427495292,0.3133819130682377,,400,elasticnet,,0.1,perceptron,,,,,
SGDClassifier,0.0,0.22159447583176398,0.664783427495292,0.3133819130682377,,400,l1,,0.5,hinge,,,,,
SGDClassifier,0.0,0.22159447583176398,0.664783427495292,0.3133819130682377,,400,elasticnet,,0.6,log,,,,,
SGDClassifier,0.0,0.22159447583176398,0.664783427495292,0.3133819130682377,,200,elasticnet,,0.6,log,,,,,
SGDClassifier,0.0,0.22159447583176398,0.664783427495292,0.3133819130682377,,400,l1,,0.2,hinge,,,,,
SGDClassifier,0.0,0.22159447583176398,0.664783427495292,0.3133819130682377,,100,l1,,0.5,log,,,,,
SGDClassifier,0.0,0.22159447583176398,0.664783427495292,0.3133819130682377,,400,l1,,0.6,hinge,,,,,
SGDClassifier,0.0,0.22159447583176398,0.664783427495292,0.3133819130682377,,100,elasticnet,,1.0,hinge,,,,,
SGDClassifier,0.0,0.22159447583176398,0.664783427495292,0.3133819130682377,,100,elasticnet,,0.5,log,,,,,
SGDClassifier,0.0,0.22159447583176398,0.664783427495292,0.3133819130682377,,300,l1,,0.2,modified_huber,,,,,
SGDClassifier,0.0,0.22159447583176398,0.664783427495292,0.3133819130682377,,300,elasticnet,,0.9,log,,,,,
SGDClassifier,0.0,0.22159447583176398,0.664783427495292,0.3133819130682377,,400,l1,,0.4,perceptron,,,,,
SGDClassifier,0.0,0.22159447583176398,0.664783427495292,0.3133819130682377,,100,elasticnet,,0.4,log,,,,,
SGDClassifier,0.0,0.22159447583176398,0.664783427495292,0.3133819130682377,,300,l1,,0.2,perceptron,,,,,
SGDClassifier,0.0,0.22159447583176398,0.664783427495292,0.3133819130682377,,200,elasticnet,,0.7,perceptron,,,,,
SGDClassifier,0.0,0.22159447583176398,0.664783427495292,0.3133819130682377,,300,l1,,0.8,hinge,,,,,
SGDClassifier,0.0,0.22159447583176398,0.664783427495292,0.3133819130682377,,100,l1,,0.4,perceptron,,,,,
SGDClassifier,0.0,0.22159447583176398,0.664783427495292,0.3133819130682377,,200,elasticnet,,0.2,perceptron,,,,,
SGDClassifier,0.0,0.22159447583176398,0.664783427495292,0.3133819130682377,,100,l1,,0.1,hinge,,,,,
SGDClassifier,0.0,0.22159447583176398,0.664783427495292,0.3133819130682377,,400,elasticnet,,0.8,log,,,,,
SGDClassifier,0.0,0.22159447583176398,0.664783427495292,0.3133819130682377,,400,l1,,0.1,hinge,,,,,
SGDClassifier,0.0,0.22159447583176398,0.664783427495292,0.3133819130682377,,200,l1,,0.2,perceptron,,,,,
SGDClassifier,0.0,0.22148967898909033,0.664469036967271,0.3132337079520347,,200,l1,,0.1,hinge,,,,,
SGDClassifier,0.0,0.22148967898909033,0.664469036967271,0.3132337079520347,,100,l1,,0.6,hinge,,,,,
SGDClassifier,0.0,0.22148967898909033,0.664469036967271,0.3132337079520347,,200,l1,,0.2,modified_huber,,,,,
SGDClassifier,0.0,0.22148967898909033,0.664469036967271,0.3132337079520347,,300,elasticnet,,0.7,perceptron,,,,,
SGDClassifier,0.0,0.22148967898909033,0.664469036967271,0.3132337079520347,,200,elasticnet,,0.9,hinge,,,,,
SGDClassifier,0.0,0.22148967898909033,0.664469036967271,0.3132337079520347,,300,elasticnet,,0.2,perceptron,,,,,
SGDClassifier,0.0,0.22148967898909033,0.664469036967271,0.3132337079520347,,200,l1,,0.6,hinge,,,,,
SGDClassifier,0.0,0.22148967898909033,0.664469036967271,0.3132337079520347,,100,l1,,0.2,modified_huber,,,,,
SGDClassifier,0.0,0.22148967898909033,0.664469036967271,0.3132337079520347,,200,elasticnet,,0.6,hinge,,,,,
SGDClassifier,0.0,0.22148967898909033,0.664469036967271,0.3132337079520347,,300,l1,,0.9,perceptron,,,,,
SGDClassifier,0.0,0.22148967898909033,0.664469036967271,0.3132337079520347,,200,elasticnet,,0.9,perceptron,,,,,
SGDClassifier,0.0,0.22148967898909033,0.664469036967271,0.3132337079520347,,300,l1,,1.0,hinge,,,,,
SGDClassifier,0.0,0.22148967898909033,0.664469036967271,0.3132337079520347,,100,l1,,1.0,log,,,,,
SGDClassifier,0.0,0.22148967898909033,0.664469036967271,0.3132337079520347,,300,elasticnet,,1.0,hinge,,,,,
SGDClassifier,0.0,0.22148967898909033,0.664469036967271,0.3132337079520347,,200,elasticnet,,0.5,log,,,,,
SGDClassifier,0.0,0.22148967898909033,0.664469036967271,0.3132337079520347,,200,elasticnet,,0.3,hinge,,,,,
SGDClassifier,0.0,0.22148967898909033,0.664469036967271,0.3132337079520347,,300,elasticnet,,0.5,log,,,,,
SGDClassifier,0.0,0.22148967898909033,0.664469036967271,0.3132337079520347,,300,l1,,0.3,perceptron,,,,,
SGDClassifier,0.0,0.22148967898909033,0.664469036967271,0.3132337079520347,,200,l1,,0.7,perceptron,,,,,
SGDClassifier,0.0,0.22148967898909033,0.664469036967271,0.3132337079520347,,300,elasticnet,,0.8,hinge,,,,,
SGDClassifier,0.0,0.22148967898909033,0.664469036967271,0.3132337079520347,,300,l1,,0.5,log,,,,,
SGDClassifier,0.0,0.22148967898909033,0.664469036967271,0.3132337079520347,,100,elasticnet,,0.7,perceptron,,,,,
SGDClassifier,0.0,0.22148967898909033,0.664469036967271,0.3132337079520347,,300,elasticnet,,0.8,log,,,,,
SGDClassifier,0.0,0.22148967898909033,0.664469036967271,0.3132337079520347,,400,l1,,1.0,log,,,,,
SGDClassifier,0.0,0.22148967898909033,0.664469036967271,0.3132337079520347,,300,elasticnet,,1.0,log,,,,,
SGDClassifier,0.0,0.22148967898909033,0.664469036967271,0.3132337079520347,,400,elasticnet,,0.8,hinge,,,,,
SGDClassifier,0.0,0.22148967898909033,0.664469036967271,0.3132337079520347,,300,l1,,1.0,log,,,,,
SGDClassifier,0.0,0.22148967898909033,0.664469036967271,0.3132337079520347,,100,elasticnet,,0.8,log,,,,,
SGDClassifier,0.0,0.22148967898909033,0.664469036967271,0.3132337079520347,,100,elasticnet,,0.9,perceptron,,,,,
SGDClassifier,0.0,0.22148967898909033,0.664469036967271,0.3132337079520347,,300,l1,,0.6,hinge,,,,,
SGDClassifier,0.0,0.22148967898909033,0.664469036967271,0.3132337079520347,,200,l1,,0.3,perceptron,,,,,
SGDClassifier,0.0,0.22148967898909033,0.664469036967271,0.3132337079520347,,300,elasticnet,,0.4,hinge,,,,,
SGDClassifier,0.0,0.22148967898909033,0.664469036967271,0.3132337079520347,,400,l1,,0.7,log,,,,,
SGDClassifier,0.0,0.22148967898909033,0.664469036967271,0.3132337079520347,,400,elasticnet,,0.3,perceptron,,,,,
SGDClassifier,0.0,0.22148967898909033,0.664469036967271,0.3132337079520347,,300,l1,,0.9,log,,,,,
SGDClassifier,0.0,0.22148967898909033,0.664469036967271,0.3132337079520347,,400,elasticnet,,0.6,hinge,,,,,
SGDClassifier,0.0,0.22148967898909033,0.664469036967271,0.3132337079520347,,100,l1,,0.2,perceptron,,,,,
SGDClassifier,0.0,0.22148967898909033,0.664469036967271,0.3132337079520347,,200,elasticnet,,0.7,log,,,,,
SGDClassifier,0.0,0.22148967898909033,0.664469036967271,0.3132337079520347,,400,elasticnet,,0.7,hinge,,,,,
SGDClassifier,0.0,0.22148967898909033,0.664469036967271,0.3132337079520347,,300,elasticnet,,0.5,hinge,,,,,
SGDClassifier,0.0,0.22148967898909033,0.664469036967271,0.3132337079520347,,300,elasticnet,,0.8,perceptron,,,,,
SGDClassifier,0.0,0.22148967898909033,0.664469036967271,0.3132337079520347,,300,elasticnet,,0.7,hinge,,,,,
SGDClassifier,0.0,0.22148967898909033,0.664469036967271,0.3132337079520347,,400,elasticnet,,0.8,perceptron,,,,,
SGDClassifier,0.0,0.22148967898909033,0.664469036967271,0.3132337079520347,,400,elasticnet,,0.5,hinge,,,,,
SGDClassifier,0.0,0.22148967898909033,0.664469036967271,0.3132337079520347,,100,l1,,0.5,hinge,,,,,
SGDClassifier,0.0,0.22120363296833886,0.6636108989050166,0.3128291777900251,,100,l1,,0.1,modified_huber,,,,,
SGDClassifier,0.0,0.21333723490678982,0.3509492047203694,0.15295331074883092,,300,elasticnet,,0.7,modified_huber,,,,,
SGDClassifier,0.0,0.19418851878100638,0.5825655563430191,0.2746240369172417,,200,l1,,0.9,squared_hinge,,,,,
SGDClassifier,0.0,0.1854496997166005,0.3018242122719735,0.13254684678612888,,300,elasticnet,,0.6,modified_huber,,,,,
SGDClassifier,0.0,0.17059301380991068,0.5117790414297321,0.24125495377607642,,200,elasticnet,,0.8,modified_huber,,,,,
SGDClassifier,0.0,0.1271089271089271,0.38132678132678133,0.17975916861613792,,300,elasticnet,,0.2,hinge,,,,,
SGDClassifier,0.0,0.0977729494839761,0.2933188484519283,0.1382718311934585,,400,elasticnet,,0.7,modified_huber,,,,,
SGDClassifier,0.0,0.0,0.0,0.0,,300,elasticnet,,1.0,perceptron,,,,,
SGDClassifier,0.0,0.0,0.0,0.0,,300,l1,,0.1,hinge,,,,,
SGDClassifier,0.0,0.0,0.0,0.0,,400,l1,,0.5,log,,,,,
SGDClassifier,0.0,0.0,0.0,0.0,,100,l1,,0.4,hinge,,,,,
SGDClassifier,0.0,0.0,0.0,0.0,,400,elasticnet,,0.5,log,,,,,
SGDClassifier,0.0,0.0,0.0,0.0,,100,l1,,0.5,modified_huber,,,,,
SGDClassifier,0.0,0.0,0.0,0.0,,400,l1,,1.0,perceptron,,,,,
SGDClassifier,0.0,0.0,0.0,0.0,,200,elasticnet,,0.4,log,,,,,
SGDClassifier,0.0,0.0,0.0,0.0,,400,elasticnet,,0.4,hinge,,,,,
SGDClassifier,0.0,0.0,0.0,0.0,,200,l1,,0.4,log,,,,,
SGDClassifier,0.0,0.0,0.0,0.0,,200,l1,,0.5,modified_huber,,,,,
SGDClassifier,0.0,0.0,0.0,0.0,,300,l1,,0.4,log,,,,,
SGDClassifier,0.0,0.0,0.0,0.0,,100,elasticnet,,0.5,hinge,,,,,
SGDClassifier,0.0,0.0,0.0,0.0,,300,l1,,0.1,log,,,,,
SGDClassifier,0.0,0.0,0.0,0.0,,400,elasticnet,,0.4,log,,,,,
SGDClassifier,0.0,0.0,0.0,0.0,,100,l1,,0.4,modified_huber,,,,,
SGDClassifier,0.0,0.0,0.0,0.0,,100,l1,,0.1,log,,,,,
SVC,0.0,0.0,0.0,0.0,0.01,,,,,,sigmoid,,,,
SGDClassifier,0.0,0.0,0.0,0.0,,100,l1,,0.2,hinge,,,,,
SGDClassifier,0.0,0.0,0.0,0.0,,200,l1,,0.1,log,,,,,
SGDClassifier,0.0,0.0,0.0,0.0,,200,l1,,0.4,modified_huber,,,,,
SVC,0.0,0.0,0.0,0.0,0.01,,,,,,rbf,,,,
SGDClassifier,0.0,0.0,0.0,0.0,,400,l1,,0.4,modified_huber,,,,,
SGDClassifier,0.0,0.0,0.0,0.0,,300,elasticnet,,0.4,log,,,,,
SGDClassifier,0.0,0.0,0.0,0.0,,400,l1,,0.1,perceptron,,,,,
SGDClassifier,0.0,0.0,0.0,0.0,,300,l1,,0.4,hinge,,,,,
SGDClassifier,0.0,0.0,0.0,0.0,,100,l1,,0.2,log,,,,,
SGDClassifier,0.0,0.0,0.0,0.0,,300,l1,,0.4,modified_huber,,,,,
SGDClassifier,0.0,0.0,0.0,0.0,,400,l1,,0.1,log,,,,,
SGDClassifier,0.0,0.0,0.0,0.0,,200,l1,,0.4,hinge,,,,,
SGDClassifier,0.0,0.0,0.0,0.0,,400,l1,,0.4,log,,,,,
SGDClassifier,0.0,0.0,0.0,0.0,,300,l1,,0.3,hinge,,,,,
SGDClassifier,0.0,0.0,0.0,0.0,,300,l1,,0.5,modified_huber,,,,,
SGDClassifier,0.0,0.0,0.0,0.0,,100,elasticnet,,0.7,modified_huber,,,,,
SGDClassifier,0.0,0.0,0.0,0.0,,100,l1,,0.7,modified_huber,,,,,
SGDClassifier,0.0,0.0,0.0,0.0,,400,elasticnet,,0.7,log,,,,,
SGDClassifier,0.0,0.0,0.0,0.0,,200,l1,,0.3,log,,,,,
SGDClassifier,0.0,0.0,0.0,0.0,,300,elasticnet,,0.7,log,,,,,
SGDClassifier,0.0,0.0,0.0,0.0,,300,l1,,0.7,log,,,,,
SGDClassifier,0.0,0.0,0.0,0.0,,200,elasticnet,,0.3,log,,,,,
SGDClassifier,0.0,0.0,0.0,0.0,,100,elasticnet,,0.7,log,,,,,
SGDClassifier,0.0,0.0,0.0,0.0,,300,l1,,0.3,log,,,,,
SGDClassifier,0.0,0.0,0.0,0.0,,300,elasticnet,,0.3,log,,,,,
SGDClassifier,0.0,0.0,0.0,0.0,,400,l1,,0.3,log,,,,,
SGDClassifier,0.0,0.0,0.0,0.0,,400,elasticnet,,0.3,log,,,,,
SGDClassifier,0.0,0.0,0.0,0.0,,100,elasticnet,,0.7,hinge,,,,,
SGDClassifier,0.0,0.0,0.0,0.0,,100,l1,,0.3,modified_huber,,,,,
SGDClassifier,0.0,0.0,0.0,0.0,,100,l1,,0.7,hinge,,,,,
SGDClassifier,0.0,0.0,0.0,0.0,,300,elasticnet,,0.9,hinge,,,,,
SGDClassifier,0.0,0.0,0.0,0.0,,200,l1,,0.3,modified_huber,,,,,
SGDClassifier,0.0,0.0,0.0,0.0,,400,elasticnet,,0.9,hinge,,,,,
SGDClassifier,0.0,0.0,0.0,0.0,,100,elasticnet,,0.3,log,,,,,
SGDClassifier,0.0,0.0,0.0,0.0,,200,l1,,0.7,modified_huber,,,,,
SGDClassifier,0.0,0.0,0.0,0.0,,400,l1,,0.5,modified_huber,,,,,
SGDClassifier,0.0,0.0,0.0,0.0,,200,elasticnet,,0.7,modified_huber,,,,,
SGDClassifier,0.0,0.0,0.0,0.0,,400,elasticnet,,0.7,perceptron,,,,,
SGDClassifier,0.0,0.0,0.0,0.0,,200,l1,,0.8,hinge,,,,,
SGDClassifier,0.0,0.0,0.0,0.0,,100,elasticnet,,0.3,hinge,,,,,
SGDClassifier,0.0,0.0,0.0,0.0,,300,elasticnet,,0.3,hinge,,,,,
SGDClassifier,0.0,0.0,0.0,0.0,,100,l1,,0.8,log,,,,,
SGDClassifier,0.0,0.0,0.0,0.0,,200,elasticnet,,0.8,log,,,,,
SGDClassifier,0.0,0.0,0.0,0.0,,400,l1,,0.7,modified_huber,,,,,
SGDClassifier,0.0,0.0,0.0,0.0,,400,l1,,0.8,log,,,,,
SGDClassifier,0.0,0.0,0.0,0.0,,100,l1,,0.8,modified_huber,,,,,
SGDClassifier,0.0,0.0,0.0,0.0,,100,elasticnet,,0.8,modified_huber,,,,,
SGDClassifier,0.0,0.0,0.0,0.0,,200,l1,,0.8,modified_huber,,,,,
SGDClassifier,0.0,0.0,0.0,0.0,,300,l1,,0.8,modified_huber,,,,,
SGDClassifier,0.0,0.0,0.0,0.0,,300,elasticnet,,0.8,modified_huber,,,,,
SGDClassifier,0.0,0.0,0.0,0.0,,400,l1,,0.8,modified_huber,,,,,
SGDClassifier,0.0,0.0,0.0,0.0,,400,elasticnet,,0.8,modified_huber,,,,,
SGDClassifier,0.0,0.0,0.0,0.0,,100,l1,,0.3,log,,,,,
SGDClassifier,0.0,0.0,0.0,0.0,,300,l1,,0.7,modified_huber,,,,,
SGDClassifier,0.0,0.0,0.0,0.0,,100,elasticnet,,0.9,log,,,,,
SGDClassifier,0.0,0.0,0.0,0.0,,400,l1,,0.9,log,,,,,
SGDClassifier,0.0,0.0,0.0,0.0,,400,elasticnet,,0.9,log,,,,,
SGDClassifier,0.0,0.0,0.0,0.0,,100,l1,,0.9,modified_huber,,,,,
SGDClassifier,0.0,0.0,0.0,0.0,,400,elasticnet,,0.5,perceptron,,,,,
SGDClassifier,0.0,0.0,0.0,0.0,,400,elasticnet,,0.2,log,,,,,
SGDClassifier,0.0,0.0,0.0,0.0,,400,l1,,0.2,log,,,,,
SGDClassifier,0.0,0.0,0.0,0.0,,300,elasticnet,,0.2,log,,,,,
SGDClassifier,0.0,0.0,0.0,0.0,,400,elasticnet,,1.0,log,,,,,
SGDClassifier,0.0,0.0,0.0,0.0,,100,l1,,1.0,modified_huber,,,,,
SGDClassifier,0.0,0.0,0.0,0.0,,300,l1,,0.2,log,,,,,
SGDClassifier,0.0,0.0,0.0,0.0,,100,elasticnet,,1.0,modified_huber,,,,,
SGDClassifier,0.0,0.0,0.0,0.0,,200,l1,,1.0,modified_huber,,,,,
SGDClassifier,0.0,0.0,0.0,0.0,,200,elasticnet,,0.2,log,,,,,
SGDClassifier,0.0,0.0,0.0,0.0,,200,elasticnet,,1.0,modified_huber,,,,,
SGDClassifier,0.0,0.0,0.0,0.0,,300,l1,,1.0,modified_huber,,,,,
SGDClassifier,0.0,0.0,0.0,0.0,,200,l1,,0.2,log,,,,,
SGDClassifier,0.0,0.0,0.0,0.0,,300,elasticnet,,1.0,modified_huber,,,,,
SGDClassifier,0.0,0.0,0.0,0.0,,400,l1,,1.0,modified_huber,,,,,
SGDClassifier,0.0,0.0,0.0,0.0,,100,elasticnet,,0.2,log,,,,,
SGDClassifier,0.0,0.0,0.0,0.0,,400,elasticnet,,1.0,modified_huber,,,,,
SGDClassifier,0.0,0.0,0.0,0.0,,100,l1,,1.0,hinge,,,,,
SGDClassifier,0.0,0.0,0.0,0.0,,100,l1,,0.6,log,,,,,
SGDClassifier,0.0,0.0,0.0,0.0,,100,elasticnet,,0.6,log,,,,,
SGDClassifier,0.0,0.0,0.0,0.0,,300,elasticnet,,0.9,modified_huber,,,,,
SGDClassifier,0.0,0.0,0.0,0.0,,300,l1,,0.3,modified_huber,,,,,
SGDClassifier,0.0,0.0,0.0,0.0,,100,elasticnet,,0.9,modified_huber,,,,,
SGDClassifier,0.0,0.0,0.0,0.0,,200,l1,,0.9,modified_huber,,,,,
SGDClassifier,0.0,0.0,0.0,0.0,,100,l1,,0.6,perceptron,,,,,
SGDClassifier,0.0,0.0,0.0,0.0,,200,elasticnet,,0.9,modified_huber,,,,,
SGDClassifier,0.0,0.0,0.0,0.0,,300,l1,,0.9,modified_huber,,,,,
SGDClassifier,0.0,0.0,0.0,0.0,,400,l1,,0.6,modified_huber,,,,,
SGDClassifier,0.0,0.0,0.0,0.0,,400,l1,,0.9,modified_huber,,,,,
SGDClassifier,0.0,0.0,0.0,0.0,,300,l1,,0.6,log,,,,,
SGDClassifier,0.0,0.0,0.0,0.0,,400,elasticnet,,0.9,modified_huber,,,,,
SGDClassifier,0.0,0.0,0.0,0.0,,400,l1,,0.3,modified_huber,,,,,
SGDClassifier,0.0,0.0,0.0,0.0,,300,l1,,0.6,modified_huber,,,,,
SGDClassifier,0.0,0.0,0.0,0.0,,200,l1,,0.6,modified_huber,,,,,
SGDClassifier,0.0,0.0,0.0,0.0,,100,l1,,0.6,modified_huber,,,,,
SGDClassifier,0.0,0.0,0.0,0.0,,400,l1,,0.6,log,,,,,
SGDClassifier,0.0,0.0,0.0,0.0,,300,elasticnet,,0.6,log,,,,,
SGDClassifier,0.0,0.0,0.0,0.0,,100,l1,,0.4,log,,,,,
LogisticRegression,,,,,0.01,100,l1,newton-cg,,,,,,,
LogisticRegression,,,,,0.01,100,l1,lbfgs,,,,,,,
LogisticRegression,,,,,0.01,100,l1,sag,,,,,,,
LogisticRegression,,,,,0.01,200,l1,newton-cg,,,,,,,
LogisticRegression,,,,,0.01,200,l1,lbfgs,,,,,,,
LogisticRegression,,,,,0.01,200,l1,sag,,,,,,,
LogisticRegression,,,,,0.01,300,l1,newton-cg,,,,,,,
LogisticRegression,,,,,0.01,300,l1,lbfgs,,,,,,,
LogisticRegression,,,,,0.01,300,l1,sag,,,,,,,
LogisticRegression,,,,,0.01,400,l1,newton-cg,,,,,,,
LogisticRegression,,,,,0.01,400,l1,lbfgs,,,,,,,
LogisticRegression,,,,,0.01,400,l1,sag,,,,,,,
LogisticRegression,,,,,0.1,100,l1,newton-cg,,,,,,,
LogisticRegression,,,,,0.1,100,l1,lbfgs,,,,,,,
LogisticRegression,,,,,0.1,100,l1,sag,,,,,,,
LogisticRegression,,,,,0.1,200,l1,newton-cg,,,,,,,
LogisticRegression,,,,,0.1,200,l1,lbfgs,,,,,,,
LogisticRegression,,,,,0.1,200,l1,sag,,,,,,,
LogisticRegression,,,,,0.1,300,l1,newton-cg,,,,,,,
LogisticRegression,,,,,0.1,300,l1,lbfgs,,,,,,,
LogisticRegression,,,,,0.1,300,l1,sag,,,,,,,
LogisticRegression,,,,,0.1,400,l1,newton-cg,,,,,,,
LogisticRegression,,,,,0.1,400,l1,lbfgs,,,,,,,
LogisticRegression,,,,,0.1,400,l1,sag,,,,,,,
LogisticRegression,,,,,1,100,l1,newton-cg,,,,,,,
LogisticRegression,,,,,1,100,l1,lbfgs,,,,,,,
LogisticRegression,,,,,1,100,l1,sag,,,,,,,
LogisticRegression,,,,,1,200,l1,newton-cg,,,,,,,
LogisticRegression,,,,,1,200,l1,lbfgs,,,,,,,
LogisticRegression,,,,,1,200,l1,sag,,,,,,,
LogisticRegression,,,,,1,300,l1,newton-cg,,,,,,,
LogisticRegression,,,,,1,300,l1,lbfgs,,,,,,,
LogisticRegression,,,,,1,300,l1,sag,,,,,,,
LogisticRegression,,,,,1,400,l1,newton-cg,,,,,,,
LogisticRegression,,,,,1,400,l1,lbfgs,,,,,,,
LogisticRegression,,,,,1,400,l1,sag,,,,,,,
LogisticRegression,,,,,10,100,l1,newton-cg,,,,,,,
LogisticRegression,,,,,10,100,l1,lbfgs,,,,,,,
LogisticRegression,,,,,10,100,l1,sag,,,,,,,
LogisticRegression,,,,,10,200,l1,newton-cg,,,,,,,
LogisticRegression,,,,,10,200,l1,lbfgs,,,,,,,
LogisticRegression,,,,,10,200,l1,sag,,,,,,,
LogisticRegression,,,,,10,300,l1,newton-cg,,,,,,,
LogisticRegression,,,,,10,300,l1,lbfgs,,,,,,,
LogisticRegression,,,,,10,300,l1,sag,,,,,,,
LogisticRegression,,,,,10,400,l1,newton-cg,,,,,,,
LogisticRegression,,,,,10,400,l1,lbfgs,,,,,,,
LogisticRegression,,,,,10,400,l1,sag,,,,,,,
